0, 1, 10, 11, 100, 101, 110, 111, 
1, 2, 11, 12, 101, 102, 111, 112, 
2, 3, 12, 13, 102, 103, 112, 113, 
3, 4, 13, 14, 103, 104, 113, 114, 
4, 5, 14, 15, 104, 105, 114, 115, 
5, 6, 15, 16, 105, 106, 115, 116, 
6, 7, 16, 17, 106, 107, 116, 117, 
7, 8, 17, 18, 107, 108, 117, 118, 
8, 9, 18, 19, 108, 109, 118, 119, 
9, 10, 19, 20, 109, 110, 119, 120, 
10, 11, 20, 21, 110, 111, 120, 121, 
11, 12, 21, 22, 111, 112, 121, 122, 
12, 13, 22, 23, 112, 113, 122, 123, 
13, 14, 23, 24, 113, 114, 123, 124, 
14, 15, 24, 25, 114, 115, 124, 125, 
15, 16, 25, 26, 115, 116, 125, 126, 
16, 17, 26, 27, 116, 117, 126, 127, 
17, 18, 27, 28, 117, 118, 127, 128, 
18, 19, 28, 29, 118, 119, 128, 129, 
19, 20, 29, 30, 119, 120, 129, 130, 
20, 21, 30, 31, 120, 121, 130, 131, 
21, 22, 31, 32, 121, 122, 131, 132, 
22, 23, 32, 33, 122, 123, 132, 133, 
23, 24, 33, 34, 123, 124, 133, 134, 
24, 25, 34, 35, 124, 125, 134, 135, 
25, 26, 35, 36, 125, 126, 135, 136, 
26, 27, 36, 37, 126, 127, 136, 137, 
27, 28, 37, 38, 127, 128, 137, 138, 
28, 29, 38, 39, 128, 129, 138, 139, 
29, 30, 39, 40, 129, 130, 139, 140, 
30, 31, 40, 41, 130, 131, 140, 141, 
31, 32, 41, 42, 131, 132, 141, 142, 
32, 33, 42, 43, 132, 133, 142, 143, 
33, 34, 43, 44, 133, 134, 143, 144, 
34, 35, 44, 45, 134, 135, 144, 145, 
35, 36, 45, 46, 135, 136, 145, 146, 
36, 37, 46, 47, 136, 137, 146, 147, 
37, 38, 47, 48, 137, 138, 147, 148, 
38, 39, 48, 49, 138, 139, 148, 149, 
39, 40, 49, 50, 139, 140, 149, 150, 
40, 41, 50, 51, 140, 141, 150, 151, 
41, 42, 51, 52, 141, 142, 151, 152, 
42, 43, 52, 53, 142, 143, 152, 153, 
43, 44, 53, 54, 143, 144, 153, 154, 
44, 45, 54, 55, 144, 145, 154, 155, 
45, 46, 55, 56, 145, 146, 155, 156, 
46, 47, 56, 57, 146, 147, 156, 157, 
47, 48, 57, 58, 147, 148, 157, 158, 
48, 49, 58, 59, 148, 149, 158, 159, 
49, 50, 59, 60, 149, 150, 159, 160, 
50, 51, 60, 61, 150, 151, 160, 161, 
51, 52, 61, 62, 151, 152, 161, 162, 
52, 53, 62, 63, 152, 153, 162, 163, 
53, 54, 63, 64, 153, 154, 163, 164, 
54, 55, 64, 65, 154, 155, 164, 165, 
55, 56, 65, 66, 155, 156, 165, 166, 
56, 57, 66, 67, 156, 157, 166, 167, 
57, 58, 67, 68, 157, 158, 167, 168, 
58, 59, 68, 69, 158, 159, 168, 169, 
59, 60, 69, 70, 159, 160, 169, 170, 
60, 61, 70, 71, 160, 161, 170, 171, 
61, 62, 71, 72, 161, 162, 171, 172, 
62, 63, 72, 73, 162, 163, 172, 173, 
63, 64, 73, 74, 163, 164, 173, 174, 
64, 65, 74, 75, 164, 165, 174, 175, 
65, 66, 75, 76, 165, 166, 175, 176, 
66, 67, 76, 77, 166, 167, 176, 177, 
67, 68, 77, 78, 167, 168, 177, 178, 
68, 69, 78, 79, 168, 169, 178, 179, 
69, 70, 79, 80, 169, 170, 179, 180, 
70, 71, 80, 81, 170, 171, 180, 181, 
71, 72, 81, 82, 171, 172, 181, 182, 
72, 73, 82, 83, 172, 173, 182, 183, 
73, 74, 83, 84, 173, 174, 183, 184, 
74, 75, 84, 85, 174, 175, 184, 185, 
75, 76, 85, 86, 175, 176, 185, 186, 
76, 77, 86, 87, 176, 177, 186, 187, 
77, 78, 87, 88, 177, 178, 187, 188, 
78, 79, 88, 89, 178, 179, 188, 189, 
79, 80, 89, 90, 179, 180, 189, 190, 
80, 81, 90, 91, 180, 181, 190, 191, 
81, 82, 91, 92, 181, 182, 191, 192, 
82, 83, 92, 93, 182, 183, 192, 193, 
83, 84, 93, 94, 183, 184, 193, 194, 
84, 85, 94, 95, 184, 185, 194, 195, 
85, 86, 95, 96, 185, 186, 195, 196, 
86, 87, 96, 97, 186, 187, 196, 197, 
87, 88, 97, 98, 187, 188, 197, 198, 
88, 89, 98, 99, 188, 189, 198, 199, 
89, 90, 99, 100, 189, 190, 199, 200, 
90, 91, 100, 101, 190, 191, 200, 201, 
91, 92, 101, 102, 191, 192, 201, 202, 
92, 93, 102, 103, 192, 193, 202, 203, 
93, 94, 103, 104, 193, 194, 203, 204, 
94, 95, 104, 105, 194, 195, 204, 205, 
95, 96, 105, 106, 195, 196, 205, 206, 
96, 97, 106, 107, 196, 197, 206, 207, 
97, 98, 107, 108, 197, 198, 207, 208, 
98, 99, 108, 109, 198, 199, 208, 209, 
99, 100, 109, 110, 199, 200, 209, 210, 
100, 101, 110, 111, 200, 201, 210, 211, 
101, 102, 111, 112, 201, 202, 211, 212, 
102, 103, 112, 113, 202, 203, 212, 213, 
103, 104, 113, 114, 203, 204, 213, 214, 
104, 105, 114, 115, 204, 205, 214, 215, 
105, 106, 115, 116, 205, 206, 215, 216, 
106, 107, 116, 117, 206, 207, 216, 217, 
107, 108, 117, 118, 207, 208, 217, 218, 
108, 109, 118, 119, 208, 209, 218, 219, 
109, 110, 119, 120, 209, 210, 219, 220, 
110, 111, 120, 121, 210, 211, 220, 221, 
111, 112, 121, 122, 211, 212, 221, 222, 
112, 113, 122, 123, 212, 213, 222, 223, 
113, 114, 123, 124, 213, 214, 223, 224, 
114, 115, 124, 125, 214, 215, 224, 225, 
115, 116, 125, 126, 215, 216, 225, 226, 
116, 117, 126, 127, 216, 217, 226, 227, 
117, 118, 127, 128, 217, 218, 227, 228, 
118, 119, 128, 129, 218, 219, 228, 229, 
119, 120, 129, 130, 219, 220, 229, 230, 
120, 121, 130, 131, 220, 221, 230, 231, 
121, 122, 131, 132, 221, 222, 231, 232, 
122, 123, 132, 133, 222, 223, 232, 233, 
123, 124, 133, 134, 223, 224, 233, 234, 
124, 125, 134, 135, 224, 225, 234, 235, 
125, 126, 135, 136, 225, 226, 235, 236, 
126, 127, 136, 137, 226, 227, 236, 237, 
127, 128, 137, 138, 227, 228, 237, 238, 
128, 129, 138, 139, 228, 229, 238, 239, 
129, 130, 139, 140, 229, 230, 239, 240, 
130, 131, 140, 141, 230, 231, 240, 241, 
131, 132, 141, 142, 231, 232, 241, 242, 
132, 133, 142, 143, 232, 233, 242, 243, 
133, 134, 143, 144, 233, 234, 243, 244, 
134, 135, 144, 145, 234, 235, 244, 245, 
135, 136, 145, 146, 235, 236, 245, 246, 
136, 137, 146, 147, 236, 237, 246, 247, 
137, 138, 147, 148, 237, 238, 247, 248, 
138, 139, 148, 149, 238, 239, 248, 249, 
139, 140, 149, 150, 239, 240, 249, 250, 
140, 141, 150, 151, 240, 241, 250, 251, 
141, 142, 151, 152, 241, 242, 251, 252, 
142, 143, 152, 153, 242, 243, 252, 253, 
143, 144, 153, 154, 243, 244, 253, 254, 
144, 145, 154, 155, 244, 245, 254, 255, 
145, 146, 155, 156, 245, 246, 255, 256, 
146, 147, 156, 157, 246, 247, 256, 257, 
147, 148, 157, 158, 247, 248, 257, 258, 
148, 149, 158, 159, 248, 249, 258, 259, 
149, 150, 159, 160, 249, 250, 259, 260, 
150, 151, 160, 161, 250, 251, 260, 261, 
151, 152, 161, 162, 251, 252, 261, 262, 
152, 153, 162, 163, 252, 253, 262, 263, 
153, 154, 163, 164, 253, 254, 263, 264, 
154, 155, 164, 165, 254, 255, 264, 265, 
155, 156, 165, 166, 255, 256, 265, 266, 
156, 157, 166, 167, 256, 257, 266, 267, 
157, 158, 167, 168, 257, 258, 267, 268, 
158, 159, 168, 169, 258, 259, 268, 269, 
159, 160, 169, 170, 259, 260, 269, 270, 
160, 161, 170, 171, 260, 261, 270, 271, 
161, 162, 171, 172, 261, 262, 271, 272, 
162, 163, 172, 173, 262, 263, 272, 273, 
163, 164, 173, 174, 263, 264, 273, 274, 
164, 165, 174, 175, 264, 265, 274, 275, 
165, 166, 175, 176, 265, 266, 275, 276, 
166, 167, 176, 177, 266, 267, 276, 277, 
167, 168, 177, 178, 267, 268, 277, 278, 
168, 169, 178, 179, 268, 269, 278, 279, 
169, 170, 179, 180, 269, 270, 279, 280, 
170, 171, 180, 181, 270, 271, 280, 281, 
171, 172, 181, 182, 271, 272, 281, 282, 
172, 173, 182, 183, 272, 273, 282, 283, 
173, 174, 183, 184, 273, 274, 283, 284, 
174, 175, 184, 185, 274, 275, 284, 285, 
175, 176, 185, 186, 275, 276, 285, 286, 
176, 177, 186, 187, 276, 277, 286, 287, 
177, 178, 187, 188, 277, 278, 287, 288, 
178, 179, 188, 189, 278, 279, 288, 289, 
179, 180, 189, 190, 279, 280, 289, 290, 
180, 181, 190, 191, 280, 281, 290, 291, 
181, 182, 191, 192, 281, 282, 291, 292, 
182, 183, 192, 193, 282, 283, 292, 293, 
183, 184, 193, 194, 283, 284, 293, 294, 
184, 185, 194, 195, 284, 285, 294, 295, 
185, 186, 195, 196, 285, 286, 295, 296, 
186, 187, 196, 197, 286, 287, 296, 297, 
187, 188, 197, 198, 287, 288, 297, 298, 
188, 189, 198, 199, 288, 289, 298, 299, 
189, 190, 199, 200, 289, 290, 299, 300, 
190, 191, 200, 201, 290, 291, 300, 301, 
191, 192, 201, 202, 291, 292, 301, 302, 
192, 193, 202, 203, 292, 293, 302, 303, 
193, 194, 203, 204, 293, 294, 303, 304, 
194, 195, 204, 205, 294, 295, 304, 305, 
195, 196, 205, 206, 295, 296, 305, 306, 
196, 197, 206, 207, 296, 297, 306, 307, 
197, 198, 207, 208, 297, 298, 307, 308, 
198, 199, 208, 209, 298, 299, 308, 309, 
199, 200, 209, 210, 299, 300, 309, 310, 
200, 201, 210, 211, 300, 301, 310, 311, 
201, 202, 211, 212, 301, 302, 311, 312, 
202, 203, 212, 213, 302, 303, 312, 313, 
203, 204, 213, 214, 303, 304, 313, 314, 
204, 205, 214, 215, 304, 305, 314, 315, 
205, 206, 215, 216, 305, 306, 315, 316, 
206, 207, 216, 217, 306, 307, 316, 317, 
207, 208, 217, 218, 307, 308, 317, 318, 
208, 209, 218, 219, 308, 309, 318, 319, 
209, 210, 219, 220, 309, 310, 319, 320, 
210, 211, 220, 221, 310, 311, 320, 321, 
211, 212, 221, 222, 311, 312, 321, 322, 
212, 213, 222, 223, 312, 313, 322, 323, 
213, 214, 223, 224, 313, 314, 323, 324, 
214, 215, 224, 225, 314, 315, 324, 325, 
215, 216, 225, 226, 315, 316, 325, 326, 
216, 217, 226, 227, 316, 317, 326, 327, 
217, 218, 227, 228, 317, 318, 327, 328, 
218, 219, 228, 229, 318, 319, 328, 329, 
219, 220, 229, 230, 319, 320, 329, 330, 
220, 221, 230, 231, 320, 321, 330, 331, 
221, 222, 231, 232, 321, 322, 331, 332, 
222, 223, 232, 233, 322, 323, 332, 333, 
223, 224, 233, 234, 323, 324, 333, 334, 
224, 225, 234, 235, 324, 325, 334, 335, 
225, 226, 235, 236, 325, 326, 335, 336, 
226, 227, 236, 237, 326, 327, 336, 337, 
227, 228, 237, 238, 327, 328, 337, 338, 
228, 229, 238, 239, 328, 329, 338, 339, 
229, 230, 239, 240, 329, 330, 339, 340, 
230, 231, 240, 241, 330, 331, 340, 341, 
231, 232, 241, 242, 331, 332, 341, 342, 
232, 233, 242, 243, 332, 333, 342, 343, 
233, 234, 243, 244, 333, 334, 343, 344, 
234, 235, 244, 245, 334, 335, 344, 345, 
235, 236, 245, 246, 335, 336, 345, 346, 
236, 237, 246, 247, 336, 337, 346, 347, 
237, 238, 247, 248, 337, 338, 347, 348, 
238, 239, 248, 249, 338, 339, 348, 349, 
239, 240, 249, 250, 339, 340, 349, 350, 
240, 241, 250, 251, 340, 341, 350, 351, 
241, 242, 251, 252, 341, 342, 351, 352, 
242, 243, 252, 253, 342, 343, 352, 353, 
243, 244, 253, 254, 343, 344, 353, 354, 
244, 245, 254, 255, 344, 345, 354, 355, 
245, 246, 255, 256, 345, 346, 355, 356, 
246, 247, 256, 257, 346, 347, 356, 357, 
247, 248, 257, 258, 347, 348, 357, 358, 
248, 249, 258, 259, 348, 349, 358, 359, 
249, 250, 259, 260, 349, 350, 359, 360, 
250, 251, 260, 261, 350, 351, 360, 361, 
251, 252, 261, 262, 351, 352, 361, 362, 
252, 253, 262, 263, 352, 353, 362, 363, 
253, 254, 263, 264, 353, 354, 363, 364, 
254, 255, 264, 265, 354, 355, 364, 365, 
255, 256, 265, 266, 355, 356, 365, 366, 
256, 257, 266, 267, 356, 357, 366, 367, 
257, 258, 267, 268, 357, 358, 367, 368, 
258, 259, 268, 269, 358, 359, 368, 369, 
259, 260, 269, 270, 359, 360, 369, 370, 
260, 261, 270, 271, 360, 361, 370, 371, 
261, 262, 271, 272, 361, 362, 371, 372, 
262, 263, 272, 273, 362, 363, 372, 373, 
263, 264, 273, 274, 363, 364, 373, 374, 
264, 265, 274, 275, 364, 365, 374, 375, 
265, 266, 275, 276, 365, 366, 375, 376, 
266, 267, 276, 277, 366, 367, 376, 377, 
267, 268, 277, 278, 367, 368, 377, 378, 
268, 269, 278, 279, 368, 369, 378, 379, 
269, 270, 279, 280, 369, 370, 379, 380, 
270, 271, 280, 281, 370, 371, 380, 381, 
271, 272, 281, 282, 371, 372, 381, 382, 
272, 273, 282, 283, 372, 373, 382, 383, 
273, 274, 283, 284, 373, 374, 383, 384, 
274, 275, 284, 285, 374, 375, 384, 385, 
275, 276, 285, 286, 375, 376, 385, 386, 
276, 277, 286, 287, 376, 377, 386, 387, 
277, 278, 287, 288, 377, 378, 387, 388, 
278, 279, 288, 289, 378, 379, 388, 389, 
279, 280, 289, 290, 379, 380, 389, 390, 
280, 281, 290, 291, 380, 381, 390, 391, 
281, 282, 291, 292, 381, 382, 391, 392, 
282, 283, 292, 293, 382, 383, 392, 393, 
283, 284, 293, 294, 383, 384, 393, 394, 
284, 285, 294, 295, 384, 385, 394, 395, 
285, 286, 295, 296, 385, 386, 395, 396, 
286, 287, 296, 297, 386, 387, 396, 397, 
287, 288, 297, 298, 387, 388, 397, 398, 
288, 289, 298, 299, 388, 389, 398, 399, 
289, 290, 299, 300, 389, 390, 399, 400, 
290, 291, 300, 301, 390, 391, 400, 401, 
291, 292, 301, 302, 391, 392, 401, 402, 
292, 293, 302, 303, 392, 393, 402, 403, 
293, 294, 303, 304, 393, 394, 403, 404, 
294, 295, 304, 305, 394, 395, 404, 405, 
295, 296, 305, 306, 395, 396, 405, 406, 
296, 297, 306, 307, 396, 397, 406, 407, 
297, 298, 307, 308, 397, 398, 407, 408, 
298, 299, 308, 309, 398, 399, 408, 409, 
299, 300, 309, 310, 399, 400, 409, 410, 
300, 301, 310, 311, 400, 401, 410, 411, 
301, 302, 311, 312, 401, 402, 411, 412, 
302, 303, 312, 313, 402, 403, 412, 413, 
303, 304, 313, 314, 403, 404, 413, 414, 
304, 305, 314, 315, 404, 405, 414, 415, 
305, 306, 315, 316, 405, 406, 415, 416, 
306, 307, 316, 317, 406, 407, 416, 417, 
307, 308, 317, 318, 407, 408, 417, 418, 
308, 309, 318, 319, 408, 409, 418, 419, 
309, 310, 319, 320, 409, 410, 419, 420, 
310, 311, 320, 321, 410, 411, 420, 421, 
311, 312, 321, 322, 411, 412, 421, 422, 
312, 313, 322, 323, 412, 413, 422, 423, 
313, 314, 323, 324, 413, 414, 423, 424, 
314, 315, 324, 325, 414, 415, 424, 425, 
315, 316, 325, 326, 415, 416, 425, 426, 
316, 317, 326, 327, 416, 417, 426, 427, 
317, 318, 327, 328, 417, 418, 427, 428, 
318, 319, 328, 329, 418, 419, 428, 429, 
319, 320, 329, 330, 419, 420, 429, 430, 
320, 321, 330, 331, 420, 421, 430, 431, 
321, 322, 331, 332, 421, 422, 431, 432, 
322, 323, 332, 333, 422, 423, 432, 433, 
323, 324, 333, 334, 423, 424, 433, 434, 
324, 325, 334, 335, 424, 425, 434, 435, 
325, 326, 335, 336, 425, 426, 435, 436, 
326, 327, 336, 337, 426, 427, 436, 437, 
327, 328, 337, 338, 427, 428, 437, 438, 
328, 329, 338, 339, 428, 429, 438, 439, 
329, 330, 339, 340, 429, 430, 439, 440, 
330, 331, 340, 341, 430, 431, 440, 441, 
331, 332, 341, 342, 431, 432, 441, 442, 
332, 333, 342, 343, 432, 433, 442, 443, 
333, 334, 343, 344, 433, 434, 443, 444, 
334, 335, 344, 345, 434, 435, 444, 445, 
335, 336, 345, 346, 435, 436, 445, 446, 
336, 337, 346, 347, 436, 437, 446, 447, 
337, 338, 347, 348, 437, 438, 447, 448, 
338, 339, 348, 349, 438, 439, 448, 449, 
339, 340, 349, 350, 439, 440, 449, 450, 
340, 341, 350, 351, 440, 441, 450, 451, 
341, 342, 351, 352, 441, 442, 451, 452, 
342, 343, 352, 353, 442, 443, 452, 453, 
343, 344, 353, 354, 443, 444, 453, 454, 
344, 345, 354, 355, 444, 445, 454, 455, 
345, 346, 355, 356, 445, 446, 455, 456, 
346, 347, 356, 357, 446, 447, 456, 457, 
347, 348, 357, 358, 447, 448, 457, 458, 
348, 349, 358, 359, 448, 449, 458, 459, 
349, 350, 359, 360, 449, 450, 459, 460, 
350, 351, 360, 361, 450, 451, 460, 461, 
351, 352, 361, 362, 451, 452, 461, 462, 
352, 353, 362, 363, 452, 453, 462, 463, 
353, 354, 363, 364, 453, 454, 463, 464, 
354, 355, 364, 365, 454, 455, 464, 465, 
355, 356, 365, 366, 455, 456, 465, 466, 
356, 357, 366, 367, 456, 457, 466, 467, 
357, 358, 367, 368, 457, 458, 467, 468, 
358, 359, 368, 369, 458, 459, 468, 469, 
359, 360, 369, 370, 459, 460, 469, 470, 
360, 361, 370, 371, 460, 461, 470, 471, 
361, 362, 371, 372, 461, 462, 471, 472, 
362, 363, 372, 373, 462, 463, 472, 473, 
363, 364, 373, 374, 463, 464, 473, 474, 
364, 365, 374, 375, 464, 465, 474, 475, 
365, 366, 375, 376, 465, 466, 475, 476, 
366, 367, 376, 377, 466, 467, 476, 477, 
367, 368, 377, 378, 467, 468, 477, 478, 
368, 369, 378, 379, 468, 469, 478, 479, 
369, 370, 379, 380, 469, 470, 479, 480, 
370, 371, 380, 381, 470, 471, 480, 481, 
371, 372, 381, 382, 471, 472, 481, 482, 
372, 373, 382, 383, 472, 473, 482, 483, 
373, 374, 383, 384, 473, 474, 483, 484, 
374, 375, 384, 385, 474, 475, 484, 485, 
375, 376, 385, 386, 475, 476, 485, 486, 
376, 377, 386, 387, 476, 477, 486, 487, 
377, 378, 387, 388, 477, 478, 487, 488, 
378, 379, 388, 389, 478, 479, 488, 489, 
379, 380, 389, 390, 479, 480, 489, 490, 
380, 381, 390, 391, 480, 481, 490, 491, 
381, 382, 391, 392, 481, 482, 491, 492, 
382, 383, 392, 393, 482, 483, 492, 493, 
383, 384, 393, 394, 483, 484, 493, 494, 
384, 385, 394, 395, 484, 485, 494, 495, 
385, 386, 395, 396, 485, 486, 495, 496, 
386, 387, 396, 397, 486, 487, 496, 497, 
387, 388, 397, 398, 487, 488, 497, 498, 
388, 389, 398, 399, 488, 489, 498, 499, 
389, 390, 399, 400, 489, 490, 499, 500, 
390, 391, 400, 401, 490, 491, 500, 501, 
391, 392, 401, 402, 491, 492, 501, 502, 
392, 393, 402, 403, 492, 493, 502, 503, 
393, 394, 403, 404, 493, 494, 503, 504, 
394, 395, 404, 405, 494, 495, 504, 505, 
395, 396, 405, 406, 495, 496, 505, 506, 
396, 397, 406, 407, 496, 497, 506, 507, 
397, 398, 407, 408, 497, 498, 507, 508, 
398, 399, 408, 409, 498, 499, 508, 509, 
399, 400, 409, 410, 499, 500, 509, 510, 
400, 401, 410, 411, 500, 501, 510, 511, 
401, 402, 411, 412, 501, 502, 511, 512, 
402, 403, 412, 413, 502, 503, 512, 513, 
403, 404, 413, 414, 503, 504, 513, 514, 
404, 405, 414, 415, 504, 505, 514, 515, 
405, 406, 415, 416, 505, 506, 515, 516, 
406, 407, 416, 417, 506, 507, 516, 517, 
407, 408, 417, 418, 507, 508, 517, 518, 
408, 409, 418, 419, 508, 509, 518, 519, 
409, 410, 419, 420, 509, 510, 519, 520, 
410, 411, 420, 421, 510, 511, 520, 521, 
411, 412, 421, 422, 511, 512, 521, 522, 
412, 413, 422, 423, 512, 513, 522, 523, 
413, 414, 423, 424, 513, 514, 523, 524, 
414, 415, 424, 425, 514, 515, 524, 525, 
415, 416, 425, 426, 515, 516, 525, 526, 
416, 417, 426, 427, 516, 517, 526, 527, 
417, 418, 427, 428, 517, 518, 527, 528, 
418, 419, 428, 429, 518, 519, 528, 529, 
419, 420, 429, 430, 519, 520, 529, 530, 
420, 421, 430, 431, 520, 521, 530, 531, 
421, 422, 431, 432, 521, 522, 531, 532, 
422, 423, 432, 433, 522, 523, 532, 533, 
423, 424, 433, 434, 523, 524, 533, 534, 
424, 425, 434, 435, 524, 525, 534, 535, 
425, 426, 435, 436, 525, 526, 535, 536, 
426, 427, 436, 437, 526, 527, 536, 537, 
427, 428, 437, 438, 527, 528, 537, 538, 
428, 429, 438, 439, 528, 529, 538, 539, 
429, 430, 439, 440, 529, 530, 539, 540, 
430, 431, 440, 441, 530, 531, 540, 541, 
431, 432, 441, 442, 531, 532, 541, 542, 
432, 433, 442, 443, 532, 533, 542, 543, 
433, 434, 443, 444, 533, 534, 543, 544, 
434, 435, 444, 445, 534, 535, 544, 545, 
435, 436, 445, 446, 535, 536, 545, 546, 
436, 437, 446, 447, 536, 537, 546, 547, 
437, 438, 447, 448, 537, 538, 547, 548, 
438, 439, 448, 449, 538, 539, 548, 549, 
439, 440, 449, 450, 539, 540, 549, 550, 
440, 441, 450, 451, 540, 541, 550, 551, 
441, 442, 451, 452, 541, 542, 551, 552, 
442, 443, 452, 453, 542, 543, 552, 553, 
443, 444, 453, 454, 543, 544, 553, 554, 
444, 445, 454, 455, 544, 545, 554, 555, 
445, 446, 455, 456, 545, 546, 555, 556, 
446, 447, 456, 457, 546, 547, 556, 557, 
447, 448, 457, 458, 547, 548, 557, 558, 
448, 449, 458, 459, 548, 549, 558, 559, 
449, 450, 459, 460, 549, 550, 559, 560, 
450, 451, 460, 461, 550, 551, 560, 561, 
451, 452, 461, 462, 551, 552, 561, 562, 
452, 453, 462, 463, 552, 553, 562, 563, 
453, 454, 463, 464, 553, 554, 563, 564, 
454, 455, 464, 465, 554, 555, 564, 565, 
455, 456, 465, 466, 555, 556, 565, 566, 
456, 457, 466, 467, 556, 557, 566, 567, 
457, 458, 467, 468, 557, 558, 567, 568, 
458, 459, 468, 469, 558, 559, 568, 569, 
459, 460, 469, 470, 559, 560, 569, 570, 
460, 461, 470, 471, 560, 561, 570, 571, 
461, 462, 471, 472, 561, 562, 571, 572, 
462, 463, 472, 473, 562, 563, 572, 573, 
463, 464, 473, 474, 563, 564, 573, 574, 
464, 465, 474, 475, 564, 565, 574, 575, 
465, 466, 475, 476, 565, 566, 575, 576, 
466, 467, 476, 477, 566, 567, 576, 577, 
467, 468, 477, 478, 567, 568, 577, 578, 
468, 469, 478, 479, 568, 569, 578, 579, 
469, 470, 479, 480, 569, 570, 579, 580, 
470, 471, 480, 481, 570, 571, 580, 581, 
471, 472, 481, 482, 571, 572, 581, 582, 
472, 473, 482, 483, 572, 573, 582, 583, 
473, 474, 483, 484, 573, 574, 583, 584, 
474, 475, 484, 485, 574, 575, 584, 585, 
475, 476, 485, 486, 575, 576, 585, 586, 
476, 477, 486, 487, 576, 577, 586, 587, 
477, 478, 487, 488, 577, 578, 587, 588, 
478, 479, 488, 489, 578, 579, 588, 589, 
479, 480, 489, 490, 579, 580, 589, 590, 
480, 481, 490, 491, 580, 581, 590, 591, 
481, 482, 491, 492, 581, 582, 591, 592, 
482, 483, 492, 493, 582, 583, 592, 593, 
483, 484, 493, 494, 583, 584, 593, 594, 
484, 485, 494, 495, 584, 585, 594, 595, 
485, 486, 495, 496, 585, 586, 595, 596, 
486, 487, 496, 497, 586, 587, 596, 597, 
487, 488, 497, 498, 587, 588, 597, 598, 
488, 489, 498, 499, 588, 589, 598, 599, 
489, 490, 499, 500, 589, 590, 599, 600, 
490, 491, 500, 501, 590, 591, 600, 601, 
491, 492, 501, 502, 591, 592, 601, 602, 
492, 493, 502, 503, 592, 593, 602, 603, 
493, 494, 503, 504, 593, 594, 603, 604, 
494, 495, 504, 505, 594, 595, 604, 605, 
495, 496, 505, 506, 595, 596, 605, 606, 
496, 497, 506, 507, 596, 597, 606, 607, 
497, 498, 507, 508, 597, 598, 607, 608, 
498, 499, 508, 509, 598, 599, 608, 609, 
499, 500, 509, 510, 599, 600, 609, 610, 
500, 501, 510, 511, 600, 601, 610, 611, 
501, 502, 511, 512, 601, 602, 611, 612, 
502, 503, 512, 513, 602, 603, 612, 613, 
503, 504, 513, 514, 603, 604, 613, 614, 
504, 505, 514, 515, 604, 605, 614, 615, 
505, 506, 515, 516, 605, 606, 615, 616, 
506, 507, 516, 517, 606, 607, 616, 617, 
507, 508, 517, 518, 607, 608, 617, 618, 
508, 509, 518, 519, 608, 609, 618, 619, 
509, 510, 519, 520, 609, 610, 619, 620, 
510, 511, 520, 521, 610, 611, 620, 621, 
511, 512, 521, 522, 611, 612, 621, 622, 
512, 513, 522, 523, 612, 613, 622, 623, 
513, 514, 523, 524, 613, 614, 623, 624, 
514, 515, 524, 525, 614, 615, 624, 625, 
515, 516, 525, 526, 615, 616, 625, 626, 
516, 517, 526, 527, 616, 617, 626, 627, 
517, 518, 527, 528, 617, 618, 627, 628, 
518, 519, 528, 529, 618, 619, 628, 629, 
519, 520, 529, 530, 619, 620, 629, 630, 
520, 521, 530, 531, 620, 621, 630, 631, 
521, 522, 531, 532, 621, 622, 631, 632, 
522, 523, 532, 533, 622, 623, 632, 633, 
523, 524, 533, 534, 623, 624, 633, 634, 
524, 525, 534, 535, 624, 625, 634, 635, 
525, 526, 535, 536, 625, 626, 635, 636, 
526, 527, 536, 537, 626, 627, 636, 637, 
527, 528, 537, 538, 627, 628, 637, 638, 
528, 529, 538, 539, 628, 629, 638, 639, 
529, 530, 539, 540, 629, 630, 639, 640, 
530, 531, 540, 541, 630, 631, 640, 641, 
531, 532, 541, 542, 631, 632, 641, 642, 
532, 533, 542, 543, 632, 633, 642, 643, 
533, 534, 543, 544, 633, 634, 643, 644, 
534, 535, 544, 545, 634, 635, 644, 645, 
535, 536, 545, 546, 635, 636, 645, 646, 
536, 537, 546, 547, 636, 637, 646, 647, 
537, 538, 547, 548, 637, 638, 647, 648, 
538, 539, 548, 549, 638, 639, 648, 649, 
539, 540, 549, 550, 639, 640, 649, 650, 
540, 541, 550, 551, 640, 641, 650, 651, 
541, 542, 551, 552, 641, 642, 651, 652, 
542, 543, 552, 553, 642, 643, 652, 653, 
543, 544, 553, 554, 643, 644, 653, 654, 
544, 545, 554, 555, 644, 645, 654, 655, 
545, 546, 555, 556, 645, 646, 655, 656, 
546, 547, 556, 557, 646, 647, 656, 657, 
547, 548, 557, 558, 647, 648, 657, 658, 
548, 549, 558, 559, 648, 649, 658, 659, 
549, 550, 559, 560, 649, 650, 659, 660, 
550, 551, 560, 561, 650, 651, 660, 661, 
551, 552, 561, 562, 651, 652, 661, 662, 
552, 553, 562, 563, 652, 653, 662, 663, 
553, 554, 563, 564, 653, 654, 663, 664, 
554, 555, 564, 565, 654, 655, 664, 665, 
555, 556, 565, 566, 655, 656, 665, 666, 
556, 557, 566, 567, 656, 657, 666, 667, 
557, 558, 567, 568, 657, 658, 667, 668, 
558, 559, 568, 569, 658, 659, 668, 669, 
559, 560, 569, 570, 659, 660, 669, 670, 
560, 561, 570, 571, 660, 661, 670, 671, 
561, 562, 571, 572, 661, 662, 671, 672, 
562, 563, 572, 573, 662, 663, 672, 673, 
563, 564, 573, 574, 663, 664, 673, 674, 
564, 565, 574, 575, 664, 665, 674, 675, 
565, 566, 575, 576, 665, 666, 675, 676, 
566, 567, 576, 577, 666, 667, 676, 677, 
567, 568, 577, 578, 667, 668, 677, 678, 
568, 569, 578, 579, 668, 669, 678, 679, 
569, 570, 579, 580, 669, 670, 679, 680, 
570, 571, 580, 581, 670, 671, 680, 681, 
571, 572, 581, 582, 671, 672, 681, 682, 
572, 573, 582, 583, 672, 673, 682, 683, 
573, 574, 583, 584, 673, 674, 683, 684, 
574, 575, 584, 585, 674, 675, 684, 685, 
575, 576, 585, 586, 675, 676, 685, 686, 
576, 577, 586, 587, 676, 677, 686, 687, 
577, 578, 587, 588, 677, 678, 687, 688, 
578, 579, 588, 589, 678, 679, 688, 689, 
579, 580, 589, 590, 679, 680, 689, 690, 
580, 581, 590, 591, 680, 681, 690, 691, 
581, 582, 591, 592, 681, 682, 691, 692, 
582, 583, 592, 593, 682, 683, 692, 693, 
583, 584, 593, 594, 683, 684, 693, 694, 
584, 585, 594, 595, 684, 685, 694, 695, 
585, 586, 595, 596, 685, 686, 695, 696, 
586, 587, 596, 597, 686, 687, 696, 697, 
587, 588, 597, 598, 687, 688, 697, 698, 
588, 589, 598, 599, 688, 689, 698, 699, 
589, 590, 599, 600, 689, 690, 699, 700, 
590, 591, 600, 601, 690, 691, 700, 701, 
591, 592, 601, 602, 691, 692, 701, 702, 
592, 593, 602, 603, 692, 693, 702, 703, 
593, 594, 603, 604, 693, 694, 703, 704, 
594, 595, 604, 605, 694, 695, 704, 705, 
595, 596, 605, 606, 695, 696, 705, 706, 
596, 597, 606, 607, 696, 697, 706, 707, 
597, 598, 607, 608, 697, 698, 707, 708, 
598, 599, 608, 609, 698, 699, 708, 709, 
599, 600, 609, 610, 699, 700, 709, 710, 
600, 601, 610, 611, 700, 701, 710, 711, 
601, 602, 611, 612, 701, 702, 711, 712, 
602, 603, 612, 613, 702, 703, 712, 713, 
603, 604, 613, 614, 703, 704, 713, 714, 
604, 605, 614, 615, 704, 705, 714, 715, 
605, 606, 615, 616, 705, 706, 715, 716, 
606, 607, 616, 617, 706, 707, 716, 717, 
607, 608, 617, 618, 707, 708, 717, 718, 
608, 609, 618, 619, 708, 709, 718, 719, 
609, 610, 619, 620, 709, 710, 719, 720, 
610, 611, 620, 621, 710, 711, 720, 721, 
611, 612, 621, 622, 711, 712, 721, 722, 
612, 613, 622, 623, 712, 713, 722, 723, 
613, 614, 623, 624, 713, 714, 723, 724, 
614, 615, 624, 625, 714, 715, 724, 725, 
615, 616, 625, 626, 715, 716, 725, 726, 
616, 617, 626, 627, 716, 717, 726, 727, 
617, 618, 627, 628, 717, 718, 727, 728, 
618, 619, 628, 629, 718, 719, 728, 729, 
619, 620, 629, 630, 719, 720, 729, 730, 
620, 621, 630, 631, 720, 721, 730, 731, 
621, 622, 631, 632, 721, 722, 731, 732, 
622, 623, 632, 633, 722, 723, 732, 733, 
623, 624, 633, 634, 723, 724, 733, 734, 
624, 625, 634, 635, 724, 725, 734, 735, 
625, 626, 635, 636, 725, 726, 735, 736, 
626, 627, 636, 637, 726, 727, 736, 737, 
627, 628, 637, 638, 727, 728, 737, 738, 
628, 629, 638, 639, 728, 729, 738, 739, 
629, 630, 639, 640, 729, 730, 739, 740, 
630, 631, 640, 641, 730, 731, 740, 741, 
631, 632, 641, 642, 731, 732, 741, 742, 
632, 633, 642, 643, 732, 733, 742, 743, 
633, 634, 643, 644, 733, 734, 743, 744, 
634, 635, 644, 645, 734, 735, 744, 745, 
635, 636, 645, 646, 735, 736, 745, 746, 
636, 637, 646, 647, 736, 737, 746, 747, 
637, 638, 647, 648, 737, 738, 747, 748, 
638, 639, 648, 649, 738, 739, 748, 749, 
639, 640, 649, 650, 739, 740, 749, 750, 
640, 641, 650, 651, 740, 741, 750, 751, 
641, 642, 651, 652, 741, 742, 751, 752, 
642, 643, 652, 653, 742, 743, 752, 753, 
643, 644, 653, 654, 743, 744, 753, 754, 
644, 645, 654, 655, 744, 745, 754, 755, 
645, 646, 655, 656, 745, 746, 755, 756, 
646, 647, 656, 657, 746, 747, 756, 757, 
647, 648, 657, 658, 747, 748, 757, 758, 
648, 649, 658, 659, 748, 749, 758, 759, 
649, 650, 659, 660, 749, 750, 759, 760, 
650, 651, 660, 661, 750, 751, 760, 761, 
651, 652, 661, 662, 751, 752, 761, 762, 
652, 653, 662, 663, 752, 753, 762, 763, 
653, 654, 663, 664, 753, 754, 763, 764, 
654, 655, 664, 665, 754, 755, 764, 765, 
655, 656, 665, 666, 755, 756, 765, 766, 
656, 657, 666, 667, 756, 757, 766, 767, 
657, 658, 667, 668, 757, 758, 767, 768, 
658, 659, 668, 669, 758, 759, 768, 769, 
659, 660, 669, 670, 759, 760, 769, 770, 
660, 661, 670, 671, 760, 761, 770, 771, 
661, 662, 671, 672, 761, 762, 771, 772, 
662, 663, 672, 673, 762, 763, 772, 773, 
663, 664, 673, 674, 763, 764, 773, 774, 
664, 665, 674, 675, 764, 765, 774, 775, 
665, 666, 675, 676, 765, 766, 775, 776, 
666, 667, 676, 677, 766, 767, 776, 777, 
667, 668, 677, 678, 767, 768, 777, 778, 
668, 669, 678, 679, 768, 769, 778, 779, 
669, 670, 679, 680, 769, 770, 779, 780, 
670, 671, 680, 681, 770, 771, 780, 781, 
671, 672, 681, 682, 771, 772, 781, 782, 
672, 673, 682, 683, 772, 773, 782, 783, 
673, 674, 683, 684, 773, 774, 783, 784, 
674, 675, 684, 685, 774, 775, 784, 785, 
675, 676, 685, 686, 775, 776, 785, 786, 
676, 677, 686, 687, 776, 777, 786, 787, 
677, 678, 687, 688, 777, 778, 787, 788, 
678, 679, 688, 689, 778, 779, 788, 789, 
679, 680, 689, 690, 779, 780, 789, 790, 
680, 681, 690, 691, 780, 781, 790, 791, 
681, 682, 691, 692, 781, 782, 791, 792, 
682, 683, 692, 693, 782, 783, 792, 793, 
683, 684, 693, 694, 783, 784, 793, 794, 
684, 685, 694, 695, 784, 785, 794, 795, 
685, 686, 695, 696, 785, 786, 795, 796, 
686, 687, 696, 697, 786, 787, 796, 797, 
687, 688, 697, 698, 787, 788, 797, 798, 
688, 689, 698, 699, 788, 789, 798, 799, 
689, 690, 699, 700, 789, 790, 799, 800, 
690, 691, 700, 701, 790, 791, 800, 801, 
691, 692, 701, 702, 791, 792, 801, 802, 
692, 693, 702, 703, 792, 793, 802, 803, 
693, 694, 703, 704, 793, 794, 803, 804, 
694, 695, 704, 705, 794, 795, 804, 805, 
695, 696, 705, 706, 795, 796, 805, 806, 
696, 697, 706, 707, 796, 797, 806, 807, 
697, 698, 707, 708, 797, 798, 807, 808, 
698, 699, 708, 709, 798, 799, 808, 809, 
699, 700, 709, 710, 799, 800, 809, 810, 
700, 701, 710, 711, 800, 801, 810, 811, 
701, 702, 711, 712, 801, 802, 811, 812, 
702, 703, 712, 713, 802, 803, 812, 813, 
703, 704, 713, 714, 803, 804, 813, 814, 
704, 705, 714, 715, 804, 805, 814, 815, 
705, 706, 715, 716, 805, 806, 815, 816, 
706, 707, 716, 717, 806, 807, 816, 817, 
707, 708, 717, 718, 807, 808, 817, 818, 
708, 709, 718, 719, 808, 809, 818, 819, 
709, 710, 719, 720, 809, 810, 819, 820, 
710, 711, 720, 721, 810, 811, 820, 821, 
711, 712, 721, 722, 811, 812, 821, 822, 
712, 713, 722, 723, 812, 813, 822, 823, 
713, 714, 723, 724, 813, 814, 823, 824, 
714, 715, 724, 725, 814, 815, 824, 825, 
715, 716, 725, 726, 815, 816, 825, 826, 
716, 717, 726, 727, 816, 817, 826, 827, 
717, 718, 727, 728, 817, 818, 827, 828, 
718, 719, 728, 729, 818, 819, 828, 829, 
719, 720, 729, 730, 819, 820, 829, 830, 
720, 721, 730, 731, 820, 821, 830, 831, 
721, 722, 731, 732, 821, 822, 831, 832, 
722, 723, 732, 733, 822, 823, 832, 833, 
723, 724, 733, 734, 823, 824, 833, 834, 
724, 725, 734, 735, 824, 825, 834, 835, 
725, 726, 735, 736, 825, 826, 835, 836, 
726, 727, 736, 737, 826, 827, 836, 837, 
727, 728, 737, 738, 827, 828, 837, 838, 
728, 729, 738, 739, 828, 829, 838, 839, 
729, 730, 739, 740, 829, 830, 839, 840, 
730, 731, 740, 741, 830, 831, 840, 841, 
731, 732, 741, 742, 831, 832, 841, 842, 
732, 733, 742, 743, 832, 833, 842, 843, 
733, 734, 743, 744, 833, 834, 843, 844, 
734, 735, 744, 745, 834, 835, 844, 845, 
735, 736, 745, 746, 835, 836, 845, 846, 
736, 737, 746, 747, 836, 837, 846, 847, 
737, 738, 747, 748, 837, 838, 847, 848, 
738, 739, 748, 749, 838, 839, 848, 849, 
739, 740, 749, 750, 839, 840, 849, 850, 
740, 741, 750, 751, 840, 841, 850, 851, 
741, 742, 751, 752, 841, 842, 851, 852, 
742, 743, 752, 753, 842, 843, 852, 853, 
743, 744, 753, 754, 843, 844, 853, 854, 
744, 745, 754, 755, 844, 845, 854, 855, 
745, 746, 755, 756, 845, 846, 855, 856, 
746, 747, 756, 757, 846, 847, 856, 857, 
747, 748, 757, 758, 847, 848, 857, 858, 
748, 749, 758, 759, 848, 849, 858, 859, 
749, 750, 759, 760, 849, 850, 859, 860, 
750, 751, 760, 761, 850, 851, 860, 861, 
751, 752, 761, 762, 851, 852, 861, 862, 
752, 753, 762, 763, 852, 853, 862, 863, 
753, 754, 763, 764, 853, 854, 863, 864, 
754, 755, 764, 765, 854, 855, 864, 865, 
755, 756, 765, 766, 855, 856, 865, 866, 
756, 757, 766, 767, 856, 857, 866, 867, 
757, 758, 767, 768, 857, 858, 867, 868, 
758, 759, 768, 769, 858, 859, 868, 869, 
759, 760, 769, 770, 859, 860, 869, 870, 
760, 761, 770, 771, 860, 861, 870, 871, 
761, 762, 771, 772, 861, 862, 871, 872, 
762, 763, 772, 773, 862, 863, 872, 873, 
763, 764, 773, 774, 863, 864, 873, 874, 
764, 765, 774, 775, 864, 865, 874, 875, 
765, 766, 775, 776, 865, 866, 875, 876, 
766, 767, 776, 777, 866, 867, 876, 877, 
767, 768, 777, 778, 867, 868, 877, 878, 
768, 769, 778, 779, 868, 869, 878, 879, 
769, 770, 779, 780, 869, 870, 879, 880, 
770, 771, 780, 781, 870, 871, 880, 881, 
771, 772, 781, 782, 871, 872, 881, 882, 
772, 773, 782, 783, 872, 873, 882, 883, 
773, 774, 783, 784, 873, 874, 883, 884, 
774, 775, 784, 785, 874, 875, 884, 885, 
775, 776, 785, 786, 875, 876, 885, 886, 
776, 777, 786, 787, 876, 877, 886, 887, 
777, 778, 787, 788, 877, 878, 887, 888, 
778, 779, 788, 789, 878, 879, 888, 889, 
779, 780, 789, 790, 879, 880, 889, 890, 
780, 781, 790, 791, 880, 881, 890, 891, 
781, 782, 791, 792, 881, 882, 891, 892, 
782, 783, 792, 793, 882, 883, 892, 893, 
783, 784, 793, 794, 883, 884, 893, 894, 
784, 785, 794, 795, 884, 885, 894, 895, 
785, 786, 795, 796, 885, 886, 895, 896, 
786, 787, 796, 797, 886, 887, 896, 897, 
787, 788, 797, 798, 887, 888, 897, 898, 
788, 789, 798, 799, 888, 889, 898, 899, 
789, 790, 799, 800, 889, 890, 899, 900, 
790, 791, 800, 801, 890, 891, 900, 901, 
791, 792, 801, 802, 891, 892, 901, 902, 
792, 793, 802, 803, 892, 893, 902, 903, 
793, 794, 803, 804, 893, 894, 903, 904, 
794, 795, 804, 805, 894, 895, 904, 905, 
795, 796, 805, 806, 895, 896, 905, 906, 
796, 797, 806, 807, 896, 897, 906, 907, 
797, 798, 807, 808, 897, 898, 907, 908, 
798, 799, 808, 809, 898, 899, 908, 909, 
799, 800, 809, 810, 899, 900, 909, 910, 
800, 801, 810, 811, 900, 901, 910, 911, 
801, 802, 811, 812, 901, 902, 911, 912, 
802, 803, 812, 813, 902, 903, 912, 913, 
803, 804, 813, 814, 903, 904, 913, 914, 
804, 805, 814, 815, 904, 905, 914, 915, 
805, 806, 815, 816, 905, 906, 915, 916, 
806, 807, 816, 817, 906, 907, 916, 917, 
807, 808, 817, 818, 907, 908, 917, 918, 
808, 809, 818, 819, 908, 909, 918, 919, 
809, 810, 819, 820, 909, 910, 919, 920, 
810, 811, 820, 821, 910, 911, 920, 921, 
811, 812, 821, 822, 911, 912, 921, 922, 
812, 813, 822, 823, 912, 913, 922, 923, 
813, 814, 823, 824, 913, 914, 923, 924, 
814, 815, 824, 825, 914, 915, 924, 925, 
815, 816, 825, 826, 915, 916, 925, 926, 
816, 817, 826, 827, 916, 917, 926, 927, 
817, 818, 827, 828, 917, 918, 927, 928, 
818, 819, 828, 829, 918, 919, 928, 929, 
819, 820, 829, 830, 919, 920, 929, 930, 
820, 821, 830, 831, 920, 921, 930, 931, 
821, 822, 831, 832, 921, 922, 931, 932, 
822, 823, 832, 833, 922, 923, 932, 933, 
823, 824, 833, 834, 923, 924, 933, 934, 
824, 825, 834, 835, 924, 925, 934, 935, 
825, 826, 835, 836, 925, 926, 935, 936, 
826, 827, 836, 837, 926, 927, 936, 937, 
827, 828, 837, 838, 927, 928, 937, 938, 
828, 829, 838, 839, 928, 929, 938, 939, 
829, 830, 839, 840, 929, 930, 939, 940, 
830, 831, 840, 841, 930, 931, 940, 941, 
831, 832, 841, 842, 931, 932, 941, 942, 
832, 833, 842, 843, 932, 933, 942, 943, 
833, 834, 843, 844, 933, 934, 943, 944, 
834, 835, 844, 845, 934, 935, 944, 945, 
835, 836, 845, 846, 935, 936, 945, 946, 
836, 837, 846, 847, 936, 937, 946, 947, 
837, 838, 847, 848, 937, 938, 947, 948, 
838, 839, 848, 849, 938, 939, 948, 949, 
839, 840, 849, 850, 939, 940, 949, 950, 
840, 841, 850, 851, 940, 941, 950, 951, 
841, 842, 851, 852, 941, 942, 951, 952, 
842, 843, 852, 853, 942, 943, 952, 953, 
843, 844, 853, 854, 943, 944, 953, 954, 
844, 845, 854, 855, 944, 945, 954, 955, 
845, 846, 855, 856, 945, 946, 955, 956, 
846, 847, 856, 857, 946, 947, 956, 957, 
847, 848, 857, 858, 947, 948, 957, 958, 
848, 849, 858, 859, 948, 949, 958, 959, 
849, 850, 859, 860, 949, 950, 959, 960, 
850, 851, 860, 861, 950, 951, 960, 961, 
851, 852, 861, 862, 951, 952, 961, 962, 
852, 853, 862, 863, 952, 953, 962, 963, 
853, 854, 863, 864, 953, 954, 963, 964, 
854, 855, 864, 865, 954, 955, 964, 965, 
855, 856, 865, 866, 955, 956, 965, 966, 
856, 857, 866, 867, 956, 957, 966, 967, 
857, 858, 867, 868, 957, 958, 967, 968, 
858, 859, 868, 869, 958, 959, 968, 969, 
859, 860, 869, 870, 959, 960, 969, 970, 
860, 861, 870, 871, 960, 961, 970, 971, 
861, 862, 871, 872, 961, 962, 971, 972, 
862, 863, 872, 873, 962, 963, 972, 973, 
863, 864, 873, 874, 963, 964, 973, 974, 
864, 865, 874, 875, 964, 965, 974, 975, 
865, 866, 875, 876, 965, 966, 975, 976, 
866, 867, 876, 877, 966, 967, 976, 977, 
867, 868, 877, 878, 967, 968, 977, 978, 
868, 869, 878, 879, 968, 969, 978, 979, 
869, 870, 879, 880, 969, 970, 979, 980, 
870, 871, 880, 881, 970, 971, 980, 981, 
871, 872, 881, 882, 971, 972, 981, 982, 
872, 873, 882, 883, 972, 973, 982, 983, 
873, 874, 883, 884, 973, 974, 983, 984, 
874, 875, 884, 885, 974, 975, 984, 985, 
875, 876, 885, 886, 975, 976, 985, 986, 
876, 877, 886, 887, 976, 977, 986, 987, 
877, 878, 887, 888, 977, 978, 987, 988, 
878, 879, 888, 889, 978, 979, 988, 989, 
879, 880, 889, 890, 979, 980, 989, 990, 
880, 881, 890, 891, 980, 981, 990, 991, 
881, 882, 891, 892, 981, 982, 991, 992, 
882, 883, 892, 893, 982, 983, 992, 993, 
883, 884, 893, 894, 983, 984, 993, 994, 
884, 885, 894, 895, 984, 985, 994, 995, 
885, 886, 895, 896, 985, 986, 995, 996, 
886, 887, 896, 897, 986, 987, 996, 997, 
887, 888, 897, 898, 987, 988, 997, 998, 
888, 889, 898, 899, 988, 989, 998, 999, 
889, 890, 899, 900, 989, 990, 999, 1000, 
890, 891, 900, 901, 990, 991, 1000, 1001, 
891, 892, 901, 902, 991, 992, 1001, 1002, 
892, 893, 902, 903, 992, 993, 1002, 1003, 
893, 894, 903, 904, 993, 994, 1003, 1004, 
894, 895, 904, 905, 994, 995, 1004, 1005, 
895, 896, 905, 906, 995, 996, 1005, 1006, 
896, 897, 906, 907, 996, 997, 1006, 1007, 
897, 898, 907, 908, 997, 998, 1007, 1008, 
898, 899, 908, 909, 998, 999, 1008, 1009, 
899, 900, 909, 910, 999, 1000, 1009, 1010, 
900, 901, 910, 911, 1000, 1001, 1010, 1011, 
901, 902, 911, 912, 1001, 1002, 1011, 1012, 
902, 903, 912, 913, 1002, 1003, 1012, 1013, 
903, 904, 913, 914, 1003, 1004, 1013, 1014, 
904, 905, 914, 915, 1004, 1005, 1014, 1015, 
905, 906, 915, 916, 1005, 1006, 1015, 1016, 
906, 907, 916, 917, 1006, 1007, 1016, 1017, 
907, 908, 917, 918, 1007, 1008, 1017, 1018, 
908, 909, 918, 919, 1008, 1009, 1018, 1019, 
909, 910, 919, 920, 1009, 1010, 1019, 1020, 
910, 911, 920, 921, 1010, 1011, 1020, 1021, 
911, 912, 921, 922, 1011, 1012, 1021, 1022, 
912, 913, 922, 923, 1012, 1013, 1022, 1023, 
913, 914, 923, 924, 1013, 1014, 1023, 1024, 
914, 915, 924, 925, 1014, 1015, 1024, 1025, 
915, 916, 925, 926, 1015, 1016, 1025, 1026, 
916, 917, 926, 927, 1016, 1017, 1026, 1027, 
917, 918, 927, 928, 1017, 1018, 1027, 1028, 
918, 919, 928, 929, 1018, 1019, 1028, 1029, 
919, 920, 929, 930, 1019, 1020, 1029, 1030, 
920, 921, 930, 931, 1020, 1021, 1030, 1031, 
921, 922, 931, 932, 1021, 1022, 1031, 1032, 
922, 923, 932, 933, 1022, 1023, 1032, 1033, 
923, 924, 933, 934, 1023, 1024, 1033, 1034, 
924, 925, 934, 935, 1024, 1025, 1034, 1035, 
925, 926, 935, 936, 1025, 1026, 1035, 1036, 
926, 927, 936, 937, 1026, 1027, 1036, 1037, 
927, 928, 937, 938, 1027, 1028, 1037, 1038, 
928, 929, 938, 939, 1028, 1029, 1038, 1039, 
929, 930, 939, 940, 1029, 1030, 1039, 1040, 
930, 931, 940, 941, 1030, 1031, 1040, 1041, 
931, 932, 941, 942, 1031, 1032, 1041, 1042, 
932, 933, 942, 943, 1032, 1033, 1042, 1043, 
933, 934, 943, 944, 1033, 1034, 1043, 1044, 
934, 935, 944, 945, 1034, 1035, 1044, 1045, 
935, 936, 945, 946, 1035, 1036, 1045, 1046, 
936, 937, 946, 947, 1036, 1037, 1046, 1047, 
937, 938, 947, 948, 1037, 1038, 1047, 1048, 
938, 939, 948, 949, 1038, 1039, 1048, 1049, 
939, 940, 949, 950, 1039, 1040, 1049, 1050, 
940, 941, 950, 951, 1040, 1041, 1050, 1051, 
941, 942, 951, 952, 1041, 1042, 1051, 1052, 
942, 943, 952, 953, 1042, 1043, 1052, 1053, 
943, 944, 953, 954, 1043, 1044, 1053, 1054, 
944, 945, 954, 955, 1044, 1045, 1054, 1055, 
945, 946, 955, 956, 1045, 1046, 1055, 1056, 
946, 947, 956, 957, 1046, 1047, 1056, 1057, 
947, 948, 957, 958, 1047, 1048, 1057, 1058, 
948, 949, 958, 959, 1048, 1049, 1058, 1059, 
949, 950, 959, 960, 1049, 1050, 1059, 1060, 
950, 951, 960, 961, 1050, 1051, 1060, 1061, 
951, 952, 961, 962, 1051, 1052, 1061, 1062, 
952, 953, 962, 963, 1052, 1053, 1062, 1063, 
953, 954, 963, 964, 1053, 1054, 1063, 1064, 
954, 955, 964, 965, 1054, 1055, 1064, 1065, 
955, 956, 965, 966, 1055, 1056, 1065, 1066, 
956, 957, 966, 967, 1056, 1057, 1066, 1067, 
957, 958, 967, 968, 1057, 1058, 1067, 1068, 
958, 959, 968, 969, 1058, 1059, 1068, 1069, 
959, 960, 969, 970, 1059, 1060, 1069, 1070, 
960, 961, 970, 971, 1060, 1061, 1070, 1071, 
961, 962, 971, 972, 1061, 1062, 1071, 1072, 
962, 963, 972, 973, 1062, 1063, 1072, 1073, 
963, 964, 973, 974, 1063, 1064, 1073, 1074, 
964, 965, 974, 975, 1064, 1065, 1074, 1075, 
965, 966, 975, 976, 1065, 1066, 1075, 1076, 
966, 967, 976, 977, 1066, 1067, 1076, 1077, 
967, 968, 977, 978, 1067, 1068, 1077, 1078, 
968, 969, 978, 979, 1068, 1069, 1078, 1079, 
969, 970, 979, 980, 1069, 1070, 1079, 1080, 
970, 971, 980, 981, 1070, 1071, 1080, 1081, 
971, 972, 981, 982, 1071, 1072, 1081, 1082, 
972, 973, 982, 983, 1072, 1073, 1082, 1083, 
973, 974, 983, 984, 1073, 1074, 1083, 1084, 
974, 975, 984, 985, 1074, 1075, 1084, 1085, 
975, 976, 985, 986, 1075, 1076, 1085, 1086, 
976, 977, 986, 987, 1076, 1077, 1086, 1087, 
977, 978, 987, 988, 1077, 1078, 1087, 1088, 
978, 979, 988, 989, 1078, 1079, 1088, 1089, 
979, 980, 989, 990, 1079, 1080, 1089, 1090, 
980, 981, 990, 991, 1080, 1081, 1090, 1091, 
981, 982, 991, 992, 1081, 1082, 1091, 1092, 
982, 983, 992, 993, 1082, 1083, 1092, 1093, 
983, 984, 993, 994, 1083, 1084, 1093, 1094, 
984, 985, 994, 995, 1084, 1085, 1094, 1095, 
985, 986, 995, 996, 1085, 1086, 1095, 1096, 
986, 987, 996, 997, 1086, 1087, 1096, 1097, 
987, 988, 997, 998, 1087, 1088, 1097, 1098, 
988, 989, 998, 999, 1088, 1089, 1098, 1099, 
989, 990, 999, 1000, 1089, 1090, 1099, 1100, 
990, 991, 1000, 1001, 1090, 1091, 1100, 1101, 
991, 992, 1001, 1002, 1091, 1092, 1101, 1102, 
992, 993, 1002, 1003, 1092, 1093, 1102, 1103, 
993, 994, 1003, 1004, 1093, 1094, 1103, 1104, 
994, 995, 1004, 1005, 1094, 1095, 1104, 1105, 
995, 996, 1005, 1006, 1095, 1096, 1105, 1106, 
996, 997, 1006, 1007, 1096, 1097, 1106, 1107, 
997, 998, 1007, 1008, 1097, 1098, 1107, 1108, 
998, 999, 1008, 1009, 1098, 1099, 1108, 1109, 
999, 1000, 1009, 1010, 1099, 1100, 1109, 1110, 
