N, Var_U, Var_CV, Var_P, Var_R
100000, 2.058800, 0.000124, 0.000136, 0.000338
Lag, U, C_V, P, R
0, 1.000000, 1.000000, 1.000000, 1.000000
51, 0.934437, 0.981951, 0.942630, 0.934437
102, 0.877186, 0.959494, 0.887501, 0.877186
153, 0.824092, 0.933955, 0.834967, 0.824092
204, 0.778711, 0.909159, 0.788681, 0.778711
255, 0.732494, 0.883701, 0.741490, 0.732494
306, 0.691373, 0.857859, 0.699186, 0.691373
357, 0.654578, 0.829955, 0.663279, 0.654578
408, 0.620730, 0.799512, 0.628704, 0.620730
459, 0.584923, 0.766650, 0.592840, 0.584923
510, 0.549400, 0.730300, 0.557488, 0.549400
561, 0.517326, 0.691507, 0.525163, 0.517326
612, 0.487085, 0.651971, 0.494804, 0.487085
663, 0.461665, 0.613944, 0.466588, 0.461665
714, 0.440121, 0.580135, 0.442364, 0.440121
765, 0.415401, 0.551817, 0.416580, 0.415401
816, 0.393368, 0.524765, 0.392106, 0.393368
867, 0.373896, 0.498781, 0.369320, 0.373896
918, 0.351332, 0.473247, 0.346194, 0.351332
969, 0.327290, 0.447685, 0.324212, 0.327290
1020, 0.304970, 0.422134, 0.304178, 0.304970
1071, 0.281341, 0.398784, 0.281314, 0.281341
1122, 0.258716, 0.377068, 0.258928, 0.258716
1173, 0.237141, 0.357632, 0.238696, 0.237141
1224, 0.219945, 0.340614, 0.223985, 0.219945
1275, 0.205810, 0.325218, 0.210998, 0.205810
1326, 0.190583, 0.310831, 0.197077, 0.190583
1377, 0.177123, 0.297443, 0.182170, 0.177123
1428, 0.166334, 0.284735, 0.168352, 0.166334
1479, 0.156271, 0.272773, 0.156700, 0.156271
1530, 0.144647, 0.262407, 0.143853, 0.144647
1581, 0.133775, 0.254030, 0.130642, 0.133775
1632, 0.121990, 0.246694, 0.116956, 0.121990
1683, 0.111412, 0.239934, 0.103931, 0.111412
1734, 0.098129, 0.234501, 0.089760, 0.098129
1785, 0.084725, 0.231089, 0.074742, 0.084725
1836, 0.071348, 0.230097, 0.059397, 0.071348
1887, 0.059347, 0.230788, 0.046030, 0.059347
1938, 0.048042, 0.231940, 0.033778, 0.048042
1989, 0.043609, 0.232982, 0.029182, 0.043609
2040, 0.039025, 0.233491, 0.024131, 0.039025
2091, 0.033610, 0.233415, 0.020075, 0.033610
2142, 0.023161, 0.233204, 0.012747, 0.023161
2193, 0.009845, 0.232965, 0.002885, 0.009845
2244, 0.001966, 0.232657, -0.003739, 0.001966
2295, -0.001180, 0.232336, -0.007774, -0.001180
2346, -0.003995, 0.231680, -0.011340, -0.003995
2397, -0.004616, 0.230640, -0.013537, -0.004616
2448, -0.003857, 0.229286, -0.011834, -0.003857
2499, 0.000238, 0.227541, -0.008609, 0.000238
2550, 0.007557, 0.225256, -0.002905, 0.007557
2601, 0.017646, 0.222472, 0.006044, 0.017646
2652, 0.025198, 0.219283, 0.012825, 0.025198
2703, 0.035759, 0.215773, 0.020860, 0.035759
2754, 0.046741, 0.211996, 0.030595, 0.046741
2805, 0.056399, 0.207933, 0.040689, 0.056399
2856, 0.065831, 0.203668, 0.051365, 0.065831
2907, 0.071960, 0.199329, 0.058625, 0.071960
2958, 0.078084, 0.195024, 0.065810, 0.078084
3009, 0.083111, 0.190495, 0.073040, 0.083111
3060, 0.086013, 0.185674, 0.076982, 0.086013
3111, 0.089859, 0.180719, 0.082252, 0.089859
3162, 0.096020, 0.175843, 0.088091, 0.096020
3213, 0.098908, 0.171282, 0.091799, 0.098908
3264, 0.103690, 0.167284, 0.097181, 0.103690
3315, 0.110070, 0.163502, 0.102033, 0.110070
3366, 0.113646, 0.159918, 0.105351, 0.113646
3417, 0.113946, 0.156391, 0.105004, 0.113946
3468, 0.116067, 0.152884, 0.105934, 0.116067
3519, 0.119510, 0.149397, 0.109706, 0.119510
3570, 0.123409, 0.145880, 0.114485, 0.123409
3621, 0.126820, 0.142354, 0.117099, 0.126820
3672, 0.131038, 0.138871, 0.118991, 0.131038
3723, 0.134255, 0.135546, 0.120091, 0.134255
3774, 0.136135, 0.132581, 0.119553, 0.136135
3825, 0.135150, 0.130034, 0.117313, 0.135150
3876, 0.132818, 0.127944, 0.114830, 0.132818
3927, 0.129227, 0.126327, 0.110253, 0.129227
3978, 0.124066, 0.125110, 0.103509, 0.124066
4029, 0.117877, 0.123973, 0.094748, 0.117877
4080, 0.113157, 0.122810, 0.088265, 0.113157
4131, 0.107685, 0.121550, 0.082926, 0.107685
4182, 0.103841, 0.120185, 0.078190, 0.103841
4233, 0.097416, 0.118709, 0.072382, 0.097416
4284, 0.088041, 0.117108, 0.065282, 0.088041
4335, 0.077851, 0.115360, 0.057189, 0.077851
4386, 0.065917, 0.113469, 0.045948, 0.065917
4437, 0.053619, 0.111462, 0.034676, 0.053619
4488, 0.041790, 0.109376, 0.023130, 0.041790
4539, 0.033727, 0.107164, 0.014705, 0.033727
4590, 0.026663, 0.104836, 0.007673, 0.026663
4641, 0.020182, 0.102554, 0.001219, 0.020182
4692, 0.017157, 0.100409, -0.003697, 0.017157
4743, 0.013888, 0.098262, -0.008767, 0.013888
4794, 0.008676, 0.095911, -0.013771, 0.008676
4845, 0.000557, 0.093333, -0.020708, 0.000557
4896, -0.008477, 0.090550, -0.030021, -0.008477
4947, -0.015571, 0.087533, -0.038225, -0.015571
4998, -0.019835, 0.084240, -0.044378, -0.019835
5049, -0.027847, 0.080769, -0.053416, -0.027847
5100, -0.032216, 0.077054, -0.057959, -0.032216
5151, -0.034177, 0.072970, -0.059240, -0.034177
5202, -0.032623, 0.068458, -0.058263, -0.032623
5253, -0.031480, 0.063478, -0.057034, -0.031480
5304, -0.034544, 0.058006, -0.057332, -0.034544
5355, -0.039135, 0.052117, -0.057084, -0.039135
5406, -0.039252, 0.045778, -0.055008, -0.039252
5457, -0.039966, 0.039018, -0.055342, -0.039966
5508, -0.044006, 0.031957, -0.059015, -0.044006
5559, -0.049079, 0.024572, -0.063042, -0.049079
5610, -0.049089, 0.016928, -0.063214, -0.049089
5661, -0.049387, 0.009012, -0.062797, -0.049387
5712, -0.045629, 0.000731, -0.059447, -0.045629
5763, -0.044222, -0.007928, -0.058682, -0.044222
5814, -0.040670, -0.016902, -0.054036, -0.040670
5865, -0.033230, -0.025826, -0.046789, -0.033230
5916, -0.029420, -0.034651, -0.042356, -0.029420
5967, -0.026116, -0.043147, -0.037832, -0.026116
6018, -0.021135, -0.051149, -0.031793, -0.021135
6069, -0.016942, -0.058688, -0.025985, -0.016942
6120, -0.012243, -0.065760, -0.019439, -0.012243
6171, -0.010064, -0.072450, -0.017198, -0.010064
6222, -0.008023, -0.078945, -0.014022, -0.008023
6273, -0.005950, -0.085189, -0.010765, -0.005950
6324, -0.006963, -0.090947, -0.009026, -0.006963
6375, -0.012700, -0.096414, -0.011933, -0.012700
6426, -0.014091, -0.101602, -0.010623, -0.014091
6477, -0.020544, -0.106437, -0.013206, -0.020544
6528, -0.025244, -0.110803, -0.014508, -0.025244
6579, -0.027569, -0.114763, -0.016195, -0.027569
6630, -0.024353, -0.118347, -0.012980, -0.024353
6681, -0.019332, -0.121660, -0.009188, -0.019332
6732, -0.016881, -0.124860, -0.006052, -0.016881
6783, -0.013202, -0.128039, -0.001976, -0.013202
6834, -0.003057, -0.131184, 0.007678, -0.003057
6885, 0.007128, -0.134265, 0.018466, 0.007128
6936, 0.017616, -0.137206, 0.029842, 0.017616
6987, 0.025365, -0.140024, 0.040005, 0.025365
7038, 0.029722, -0.142790, 0.046538, 0.029722
7089, 0.036860, -0.145515, 0.054056, 0.036860
7140, 0.043819, -0.148145, 0.061916, 0.043819
7191, 0.047056, -0.150502, 0.065793, 0.047056
7242, 0.047868, -0.152603, 0.065890, 0.047868
7293, 0.049780, -0.154480, 0.066266, 0.049780
7344, 0.050183, -0.156175, 0.064954, 0.050183
7395, 0.049597, -0.157772, 0.064169, 0.049597
7446, 0.048452, -0.159260, 0.063292, 0.048452
7497, 0.052194, -0.160657, 0.064048, 0.052194
7548, 0.055474, -0.161971, 0.063379, 0.055474
7599, 0.056058, -0.163251, 0.060942, 0.056058
7650, 0.052822, -0.164502, 0.057087, 0.052822
7701, 0.054397, -0.165732, 0.057216, 0.054397
7752, 0.053425, -0.166933, 0.056191, 0.053425
7803, 0.051054, -0.168093, 0.052622, 0.051054
7854, 0.046299, -0.169198, 0.048397, 0.046299
7905, 0.043677, -0.170240, 0.046562, 0.043677
7956, 0.040395, -0.171202, 0.043932, 0.040395
8007, 0.039144, -0.172083, 0.042099, 0.039144
8058, 0.035465, -0.172885, 0.038343, 0.035465
8109, 0.033043, -0.173595, 0.036555, 0.033043
8160, 0.027813, -0.174195, 0.033546, 0.027813
8211, 0.023949, -0.174669, 0.030088, 0.023949
8262, 0.018247, -0.175014, 0.025259, 0.018247
8313, 0.008451, -0.175186, 0.016834, 0.008451
8364, -0.003989, -0.175169, 0.004661, -0.003989
8415, -0.012626, -0.174998, -0.005442, -0.012626
8466, -0.022849, -0.174671, -0.013807, -0.022849
8517, -0.031223, -0.174171, -0.019467, -0.031223
8568, -0.035043, -0.173486, -0.022224, -0.035043
8619, -0.034148, -0.172570, -0.021273, -0.034148
8670, -0.031909, -0.171523, -0.017843, -0.031909
8721, -0.027286, -0.170387, -0.012302, -0.027286
8772, -0.026005, -0.169123, -0.010476, -0.026005
8823, -0.030365, -0.167805, -0.014368, -0.030365
8874, -0.035290, -0.166479, -0.020047, -0.035290
8925, -0.036173, -0.165151, -0.023032, -0.036173
8976, -0.035820, -0.163842, -0.023449, -0.035820
9027, -0.038508, -0.162581, -0.025600, -0.038508
9078, -0.041529, -0.161360, -0.027810, -0.041529
9129, -0.046863, -0.160162, -0.032788, -0.046863
9180, -0.052443, -0.158976, -0.037390, -0.052443
9231, -0.059993, -0.157795, -0.044287, -0.059993
9282, -0.068784, -0.156620, -0.053472, -0.068784
9333, -0.080932, -0.155495, -0.067653, -0.080932
9384, -0.093299, -0.154418, -0.081974, -0.093299
9435, -0.105672, -0.153457, -0.095199, -0.105672
9486, -0.117895, -0.152637, -0.109662, -0.117895
9537, -0.127797, -0.151894, -0.122412, -0.127797
9588, -0.133140, -0.151270, -0.130547, -0.133140
9639, -0.138391, -0.150805, -0.137151, -0.138391
9690, -0.142390, -0.150484, -0.142905, -0.142390
9741, -0.147616, -0.150342, -0.147944, -0.147616
9792, -0.152963, -0.150453, -0.153652, -0.152963
9843, -0.156239, -0.150851, -0.158026, -0.156239
9894, -0.159843, -0.151541, -0.163343, -0.159843
9945, -0.160259, -0.152501, -0.164794, -0.160259
9996, -0.159511, -0.153693, -0.163649, -0.159511
10047, -0.159848, -0.155038, -0.163227, -0.159848
10098, -0.164004, -0.156488, -0.166907, -0.164004
10149, -0.167334, -0.157893, -0.167317, -0.167334
10200, -0.165648, -0.159110, -0.163953, -0.165648
10251, -0.164703, -0.160151, -0.161243, -0.164703
10302, -0.165481, -0.161085, -0.161431, -0.165481
10353, -0.169190, -0.161923, -0.163761, -0.169190
10404, -0.168469, -0.162632, -0.163032, -0.168469
10455, -0.167174, -0.162969, -0.163177, -0.167174
10506, -0.163637, -0.162830, -0.160989, -0.163637
10557, -0.157382, -0.162143, -0.158994, -0.157382
10608, -0.150169, -0.160893, -0.155368, -0.150169
10659, -0.141264, -0.159250, -0.150871, -0.141264
10710, -0.130853, -0.157103, -0.144525, -0.130853
10761, -0.119297, -0.154500, -0.135739, -0.119297
10812, -0.111383, -0.151428, -0.127157, -0.111383
10863, -0.105695, -0.148047, -0.121265, -0.105695
10914, -0.104035, -0.144475, -0.120260, -0.104035
10965, -0.103688, -0.140726, -0.121361, -0.103688
11016, -0.103666, -0.136816, -0.122873, -0.103666
11067, -0.103900, -0.132838, -0.124756, -0.103900
11118, -0.107352, -0.128795, -0.128187, -0.107352
11169, -0.114141, -0.124621, -0.133482, -0.114141
11220, -0.119179, -0.120246, -0.135216, -0.119179
11271, -0.119064, -0.115777, -0.132177, -0.119064
11322, -0.120951, -0.111238, -0.131701, -0.120951
11373, -0.127297, -0.106615, -0.133935, -0.127297
11424, -0.129153, -0.101841, -0.132788, -0.129153
11475, -0.130349, -0.096938, -0.132962, -0.130349
11526, -0.128564, -0.091917, -0.130332, -0.128564
11577, -0.129015, -0.086789, -0.129654, -0.129015
11628, -0.130634, -0.081589, -0.129953, -0.130634
11679, -0.130064, -0.076358, -0.129024, -0.130064
11730, -0.128984, -0.071018, -0.126475, -0.128984
11781, -0.129921, -0.065540, -0.125489, -0.129921
11832, -0.130835, -0.059954, -0.125220, -0.130835
11883, -0.131202, -0.054289, -0.125560, -0.131202
11934, -0.132606, -0.048567, -0.128512, -0.132606
11985, -0.135391, -0.042793, -0.131717, -0.135391
12036, -0.137518, -0.037006, -0.134253, -0.137518
12087, -0.140376, -0.031255, -0.136607, -0.140376
12138, -0.144772, -0.025587, -0.137370, -0.144772
12189, -0.153050, -0.020009, -0.140761, -0.153050
12240, -0.156549, -0.014412, -0.142019, -0.156549
12291, -0.158948, -0.008604, -0.142506, -0.158948
12342, -0.161805, -0.002481, -0.142593, -0.161805
12393, -0.163786, 0.003864, -0.143900, -0.163786
12444, -0.166213, 0.010341, -0.147420, -0.166213
12495, -0.171921, 0.016813, -0.152842, -0.171921
12546, -0.175801, 0.023210, -0.156449, -0.175801
12597, -0.180371, 0.029447, -0.159802, -0.180371
12648, -0.186433, 0.035528, -0.163646, -0.186433
12699, -0.189921, 0.041460, -0.168871, -0.189921
12750, -0.192330, 0.047295, -0.173182, -0.192330
12801, -0.193411, 0.053086, -0.178674, -0.193411
12852, -0.198025, 0.059024, -0.184938, -0.198025
12903, -0.201741, 0.065071, -0.190198, -0.201741
12954, -0.202650, 0.070975, -0.192522, -0.202650
13005, -0.205522, 0.076560, -0.194744, -0.205522
13056, -0.211045, 0.081788, -0.198885, -0.211045
13107, -0.211744, 0.086681, -0.199698, -0.211744
13158, -0.215353, 0.091282, -0.201313, -0.215353
13209, -0.220318, 0.095606, -0.203541, -0.220318
13260, -0.218616, 0.099581, -0.200828, -0.218616
13311, -0.210506, 0.103261, -0.192791, -0.210506
13362, -0.200506, 0.106545, -0.183267, -0.200506
13413, -0.191426, 0.109500, -0.174002, -0.191426
13464, -0.187583, 0.112076, -0.168508, -0.187583
13515, -0.179546, 0.114173, -0.160843, -0.179546
13566, -0.171569, 0.115757, -0.152324, -0.171569
13617, -0.162619, 0.116816, -0.142056, -0.162619
13668, -0.154274, 0.117368, -0.134063, -0.154274
13719, -0.145335, 0.117555, -0.126616, -0.145335
13770, -0.139518, 0.117468, -0.120933, -0.139518
13821, -0.133900, 0.116996, -0.117571, -0.133900
13872, -0.128878, 0.116118, -0.113942, -0.128878
13923, -0.122012, 0.114850, -0.108010, -0.122012
13974, -0.116244, 0.113181, -0.103321, -0.116244
14025, -0.107696, 0.111202, -0.096282, -0.107696
14076, -0.102239, 0.108972, -0.092803, -0.102239
14127, -0.093365, 0.106534, -0.086922, -0.093365
14178, -0.085486, 0.104057, -0.079724, -0.085486
14229, -0.075294, 0.101466, -0.073475, -0.075294
14280, -0.066019, 0.098806, -0.067922, -0.066019
14331, -0.057250, 0.096398, -0.061524, -0.057250
14382, -0.043894, 0.094468, -0.051335, -0.043894
14433, -0.029579, 0.092938, -0.040778, -0.029579
14484, -0.017153, 0.091719, -0.032768, -0.017153
14535, -0.008458, 0.090851, -0.025970, -0.008458
14586, 0.001032, 0.090503, -0.014589, 0.001032
14637, 0.011551, 0.090517, -0.002673, 0.011551
14688, 0.021114, 0.090785, 0.005810, 0.021114
14739, 0.028745, 0.091045, 0.013920, 0.028745
14790, 0.036792, 0.091257, 0.021973, 0.036792
14841, 0.045450, 0.091488, 0.030992, 0.045450
14892, 0.054306, 0.091705, 0.038785, 0.054306
14943, 0.064927, 0.091836, 0.049447, 0.064927
14994, 0.073666, 0.091775, 0.060937, 0.073666
15045, 0.081154, 0.091444, 0.070526, 0.081154
15096, 0.087074, 0.090869, 0.076641, 0.087074
15147, 0.091723, 0.090135, 0.081813, 0.091723
15198, 0.095503, 0.089384, 0.087601, 0.095503
15249, 0.094144, 0.088548, 0.088795, 0.094144
15300, 0.092466, 0.087602, 0.087606, 0.092466
15351, 0.090971, 0.086426, 0.086755, 0.090971
15402, 0.088282, 0.084907, 0.083771, 0.088282
15453, 0.083354, 0.082990, 0.076341, 0.083354
15504, 0.073985, 0.080745, 0.066178, 0.073985
15555, 0.065468, 0.078258, 0.056097, 0.065468
15606, 0.056741, 0.075642, 0.046848, 0.056741
15657, 0.050994, 0.072919, 0.042295, 0.050994
15708, 0.049815, 0.070115, 0.041599, 0.049815
15759, 0.051022, 0.067282, 0.042939, 0.051022
15810, 0.047892, 0.064308, 0.040008, 0.047892
15861, 0.045040, 0.061167, 0.035590, 0.045040
15912, 0.043413, 0.057784, 0.032906, 0.043413
15963, 0.040462, 0.054107, 0.030172, 0.040462
16014, 0.038863, 0.050139, 0.027383, 0.038863
16065, 0.038075, 0.046015, 0.025470, 0.038075
16116, 0.034246, 0.041863, 0.021229, 0.034246
16167, 0.028573, 0.037894, 0.015763, 0.028573
16218, 0.024497, 0.034175, 0.011423, 0.024497
16269, 0.021530, 0.030726, 0.006915, 0.021530
16320, 0.013106, 0.027522, -0.001512, 0.013106
16371, 0.000547, 0.024420, -0.011000, 0.000547
16422, -0.009725, 0.021550, -0.018513, -0.009725
16473, -0.015919, 0.018937, -0.023291, -0.015919
16524, -0.020236, 0.016633, -0.027092, -0.020236
16575, -0.025861, 0.014833, -0.029543, -0.025861
16626, -0.029608, 0.013588, -0.030370, -0.029608
16677, -0.033339, 0.012770, -0.029708, -0.033339
16728, -0.034301, 0.012271, -0.029320, -0.034301
16779, -0.038372, 0.011950, -0.031191, -0.038372
16830, -0.042812, 0.011739, -0.033812, -0.042812
16881, -0.047412, 0.011550, -0.037864, -0.047412
16932, -0.049550, 0.011382, -0.039112, -0.049550
16983, -0.051509, 0.011238, -0.040097, -0.051509
17034, -0.050980, 0.011118, -0.039295, -0.050980
17085, -0.051170, 0.011097, -0.039090, -0.051170
17136, -0.050272, 0.011194, -0.036588, -0.050272
17187, -0.044676, 0.011435, -0.031909, -0.044676
17238, -0.040064, 0.011763, -0.027062, -0.040064
17289, -0.035892, 0.012145, -0.022951, -0.035892
17340, -0.037719, 0.012547, -0.023379, -0.037719
17391, -0.037241, 0.012914, -0.021585, -0.037241
17442, -0.033259, 0.013251, -0.017463, -0.033259
17493, -0.029841, 0.013589, -0.012615, -0.029841
17544, -0.023983, 0.013938, -0.007118, -0.023983
17595, -0.020333, 0.014299, -0.005656, -0.020333
17646, -0.016660, 0.014718, -0.005000, -0.016660
17697, -0.009816, 0.015155, -0.003268, -0.009816
17748, -0.003797, 0.015626, -0.001593, -0.003797
17799, 0.000452, 0.016124, -0.000931, 0.000452
17850, 0.006447, 0.016643, 0.002535, 0.006447
17901, 0.014909, 0.017190, 0.008919, 0.014909
17952, 0.024904, 0.017786, 0.018728, 0.024904
18003, 0.038554, 0.018428, 0.031277, 0.038554
18054, 0.046994, 0.019136, 0.039514, 0.046994
18105, 0.054804, 0.019886, 0.046895, 0.054804
18156, 0.064275, 0.020653, 0.055950, 0.064275
18207, 0.069455, 0.021424, 0.062393, 0.069455
18258, 0.071116, 0.022184, 0.066551, 0.071116
18309, 0.073249, 0.022943, 0.069746, 0.073249
18360, 0.073946, 0.023708, 0.072958, 0.073946
18411, 0.072462, 0.024458, 0.072629, 0.072462
18462, 0.068222, 0.025194, 0.071390, 0.068222
18513, 0.065104, 0.025906, 0.071154, 0.065104
18564, 0.063609, 0.026599, 0.069963, 0.063609
18615, 0.066106, 0.027273, 0.071061, 0.066106
18666, 0.066943, 0.027924, 0.071443, 0.066943
18717, 0.067029, 0.028524, 0.070182, 0.067029
18768, 0.067691, 0.029064, 0.068157, 0.067691
18819, 0.070858, 0.029551, 0.067855, 0.070858
18870, 0.072853, 0.030071, 0.066991, 0.072853
18921, 0.071484, 0.030594, 0.064963, 0.071484
18972, 0.071372, 0.031098, 0.062867, 0.071372
19023, 0.071054, 0.031526, 0.060681, 0.071054
19074, 0.062132, 0.031853, 0.053769, 0.062132
19125, 0.049536, 0.032093, 0.043401, 0.049536
19176, 0.036644, 0.032243, 0.031565, 0.036644
19227, 0.027906, 0.032282, 0.022486, 0.027906
19278, 0.019781, 0.032196, 0.014644, 0.019781
19329, 0.012850, 0.031962, 0.006283, 0.012850
19380, 0.004063, 0.031554, -0.003329, 0.004063
19431, -0.004703, 0.030974, -0.014190, -0.004703
19482, -0.012560, 0.030226, -0.023972, -0.012560
19533, -0.016869, 0.029312, -0.030619, -0.016869
19584, -0.021236, 0.028257, -0.034875, -0.021236
19635, -0.024826, 0.027083, -0.036648, -0.024826
19686, -0.030156, 0.025788, -0.039068, -0.030156
19737, -0.034097, 0.024364, -0.042900, -0.034097
19788, -0.037961, 0.022809, -0.047384, -0.037961
19839, -0.043109, 0.021129, -0.052377, -0.043109
19890, -0.046310, 0.019351, -0.057569, -0.046310
19941, -0.049022, 0.017532, -0.062079, -0.049022
19992, -0.049719, 0.015705, -0.064130, -0.049719
20043, -0.050214, 0.013937, -0.061939, -0.050214
20094, -0.055031, 0.012265, -0.062375, -0.055031
20145, -0.059164, 0.010681, -0.061385, -0.059164
20196, -0.060412, 0.009211, -0.060393, -0.060412
20247, -0.057525, 0.007858, -0.058554, -0.057525
20298, -0.055688, 0.006516, -0.057549, -0.055688
20349, -0.056278, 0.005135, -0.058270, -0.056278
20400, -0.061179, 0.003802, -0.061901, -0.061179
20451, -0.063083, 0.002569, -0.064527, -0.063083
20502, -0.062119, 0.001565, -0.063463, -0.062119
20553, -0.058679, 0.000789, -0.059832, -0.058679
20604, -0.057122, 0.000254, -0.057572, -0.057122
20655, -0.059394, -0.000175, -0.057993, -0.059394
20706, -0.059634, -0.000581, -0.057905, -0.059634
20757, -0.061228, -0.000986, -0.058438, -0.061228
20808, -0.061301, -0.001401, -0.057934, -0.061301
20859, -0.056756, -0.001793, -0.053289, -0.056756
20910, -0.044802, -0.002150, -0.043687, -0.044802
20961, -0.034466, -0.002514, -0.035827, -0.034466
21012, -0.021795, -0.002892, -0.026584, -0.021795
21063, -0.007120, -0.003284, -0.014805, -0.007120
21114, 0.006462, -0.003675, -0.003281, 0.006462
21165, 0.014522, -0.004069, 0.004729, 0.014522
21216, 0.022148, -0.004496, 0.011056, 0.022148
21267, 0.032064, -0.004962, 0.019098, 0.032064
21318, 0.047377, -0.005475, 0.032503, 0.047377
21369, 0.062357, -0.006039, 0.047185, 0.062357
21420, 0.069847, -0.006654, 0.055563, 0.069847
21471, 0.079788, -0.007327, 0.066229, 0.079788
21522, 0.088239, -0.008056, 0.074570, 0.088239
21573, 0.090419, -0.008827, 0.077421, 0.090419
21624, 0.092363, -0.009617, 0.079315, 0.092363
21675, 0.091600, -0.010417, 0.081131, 0.091600
21726, 0.094346, -0.011210, 0.085821, 0.094346
21777, 0.095184, -0.011970, 0.087509, 0.095184
21828, 0.094336, -0.012704, 0.088974, 0.094336
21879, 0.089140, -0.013421, 0.087361, 0.089140
21930, 0.084482, -0.014113, 0.085314, 0.084482
21981, 0.077346, -0.014725, 0.077465, 0.077346
22032, 0.068304, -0.015253, 0.068183, 0.068304
22083, 0.059991, -0.015674, 0.061000, 0.059991
22134, 0.051787, -0.015942, 0.054417, 0.051787
22185, 0.044063, -0.016067, 0.048207, 0.044063
22236, 0.033573, -0.016094, 0.040629, 0.033573
22287, 0.028055, -0.016039, 0.035198, 0.028055
22338, 0.025989, -0.015919, 0.031856, 0.025989
22389, 0.022999, -0.015711, 0.028139, 0.022999
22440, 0.016943, -0.015455, 0.020630, 0.016943
22491, 0.013022, -0.015165, 0.015253, 0.013022
22542, 0.009416, -0.014834, 0.011715, 0.009416
22593, 0.006418, -0.014468, 0.008223, 0.006418
22644, 0.003720, -0.014073, 0.005981, 0.003720
22695, 0.005911, -0.013658, 0.007407, 0.005911
22746, 0.008104, -0.013214, 0.010307, 0.008104
22797, 0.005358, -0.012735, 0.009607, 0.005358
22848, -0.002080, -0.012219, 0.003183, -0.002080
22899, -0.009350, -0.011665, -0.003828, -0.009350
22950, -0.015846, -0.011071, -0.008167, -0.015846
23001, -0.021775, -0.010447, -0.013378, -0.021775
23052, -0.033093, -0.009793, -0.023720, -0.033093
23103, -0.044378, -0.009107, -0.033852, -0.044378
23154, -0.054283, -0.008400, -0.044042, -0.054283
23205, -0.065753, -0.007677, -0.057042, -0.065753
23256, -0.076197, -0.006932, -0.068804, -0.076197
23307, -0.085625, -0.006158, -0.078433, -0.085625
23358, -0.091399, -0.005331, -0.083972, -0.091399
23409, -0.094676, -0.004443, -0.089308, -0.094676
23460, -0.096776, -0.003490, -0.093702, -0.096776
23511, -0.098925, -0.002474, -0.098229, -0.098925
23562, -0.098022, -0.001395, -0.102072, -0.098022
23613, -0.098634, -0.000249, -0.107303, -0.098634
23664, -0.103696, 0.000971, -0.116040, -0.103696
23715, -0.109040, 0.002284, -0.125390, -0.109040
23766, -0.116245, 0.003688, -0.134004, -0.116245
23817, -0.124392, 0.005192, -0.141651, -0.124392
23868, -0.131946, 0.006793, -0.148117, -0.131946
23919, -0.136799, 0.008496, -0.152167, -0.136799
23970, -0.140342, 0.010294, -0.156158, -0.140342
24021, -0.143218, 0.012182, -0.158562, -0.143218
24072, -0.145088, 0.014160, -0.160207, -0.145088
24123, -0.144064, 0.016229, -0.161061, -0.144064
24174, -0.139611, 0.018386, -0.159013, -0.139611
24225, -0.135649, 0.020634, -0.156829, -0.135649
24276, -0.133568, 0.022990, -0.155300, -0.133568
24327, -0.134196, 0.025465, -0.155812, -0.134196
24378, -0.136489, 0.028061, -0.156056, -0.136489
24429, -0.136776, 0.030761, -0.154874, -0.136776
24480, -0.135023, 0.033532, -0.153661, -0.135023
24531, -0.134288, 0.036343, -0.155811, -0.134288
24582, -0.136925, 0.039182, -0.160294, -0.136925
24633, -0.137278, 0.042034, -0.164463, -0.137278
24684, -0.140146, 0.044888, -0.169899, -0.140146
24735, -0.143852, 0.047746, -0.174357, -0.143852
24786, -0.146522, 0.050620, -0.177592, -0.146522
24837, -0.145780, 0.053504, -0.176148, -0.145780
24888, -0.145938, 0.056431, -0.174028, -0.145938
24939, -0.146368, 0.059380, -0.171569, -0.146368
24990, -0.145083, 0.062334, -0.166984, -0.145083
25041, -0.139800, 0.065283, -0.159807, -0.139800
25092, -0.134107, 0.068225, -0.151910, -0.134107
25143, -0.127262, 0.071157, -0.143955, -0.127262
25194, -0.118961, 0.074065, -0.134315, -0.118961
25245, -0.104311, 0.076929, -0.120614, -0.104311
25296, -0.089105, 0.079735, -0.106548, -0.089105
25347, -0.079989, 0.082492, -0.095739, -0.079989
25398, -0.070971, 0.085191, -0.083650, -0.070971
25449, -0.062167, 0.087838, -0.070678, -0.062167
25500, -0.050643, 0.090406, -0.058053, -0.050643
25551, -0.041237, 0.092926, -0.047505, -0.041237
25602, -0.032294, 0.095381, -0.038260, -0.032294
25653, -0.023101, 0.097756, -0.029339, -0.023101
25704, -0.012265, 0.100024, -0.020304, -0.012265
25755, -0.005083, 0.102222, -0.014674, -0.005083
25806, 0.001819, 0.104342, -0.007541, 0.001819
25857, 0.008311, 0.106386, -0.000610, 0.008311
25908, 0.014533, 0.108349, 0.007600, 0.014533
25959, 0.020708, 0.110240, 0.016946, 0.020708
26010, 0.025573, 0.112039, 0.027226, 0.025573
26061, 0.032823, 0.113732, 0.038880, 0.032823
26112, 0.040460, 0.115303, 0.049316, 0.040460
26163, 0.046223, 0.116788, 0.055858, 0.046223
26214, 0.052909, 0.118272, 0.059925, 0.052909
26265, 0.055407, 0.119756, 0.060739, 0.055407
26316, 0.057515, 0.121272, 0.060821, 0.057515
26367, 0.060363, 0.122875, 0.062029, 0.060363
26418, 0.058114, 0.124541, 0.058124, 0.058114
26469, 0.057600, 0.126205, 0.055447, 0.057600
26520, 0.055286, 0.127834, 0.052787, 0.055286
26571, 0.050698, 0.129386, 0.049570, 0.050698
26622, 0.046191, 0.130847, 0.047101, 0.046191
26673, 0.038989, 0.132195, 0.043862, 0.038989
26724, 0.034347, 0.133388, 0.042577, 0.034347
26775, 0.030369, 0.134397, 0.041546, 0.030369
26826, 0.024065, 0.135217, 0.036153, 0.024065
26877, 0.013909, 0.135885, 0.027414, 0.013909
26928, 0.004756, 0.136424, 0.019967, 0.004756
26979, -0.006721, 0.136853, 0.011247, -0.006721
27030, -0.017293, 0.137240, 0.000415, -0.017293
27081, -0.026618, 0.137646, -0.008906, -0.026618
27132, -0.032228, 0.138018, -0.015118, -0.032228
27183, -0.035853, 0.138339, -0.016982, -0.035853
27234, -0.035938, 0.138589, -0.017944, -0.035938
27285, -0.037506, 0.138658, -0.020211, -0.037506
27336, -0.038573, 0.138572, -0.021359, -0.038573
27387, -0.040821, 0.138417, -0.023591, -0.040821
27438, -0.047205, 0.138314, -0.027421, -0.047205
27489, -0.051574, 0.138319, -0.032158, -0.051574
27540, -0.057956, 0.138425, -0.036485, -0.057956
27591, -0.063313, 0.138606, -0.039568, -0.063313
27642, -0.069536, 0.138906, -0.043924, -0.069536
27693, -0.076366, 0.139262, -0.048316, -0.076366
27744, -0.082637, 0.139633, -0.051716, -0.082637
27795, -0.088166, 0.139998, -0.056188, -0.088166
27846, -0.098407, 0.140547, -0.064152, -0.098407
27897, -0.114292, 0.141351, -0.075524, -0.114292
27948, -0.128342, 0.142376, -0.086030, -0.128342
27999, -0.135918, 0.143457, -0.093818, -0.135918
28050, -0.141403, 0.144475, -0.099327, -0.141403
28101, -0.152821, 0.145399, -0.107779, -0.152821
28152, -0.160524, 0.146184, -0.114432, -0.160524
28203, -0.163937, 0.146814, -0.118884, -0.163937
28254, -0.162409, 0.147305, -0.121287, -0.162409
28305, -0.162271, 0.147683, -0.123610, -0.162271
28356, -0.161757, 0.147959, -0.123722, -0.161757
28407, -0.160532, 0.148099, -0.121673, -0.160532
28458, -0.159205, 0.148060, -0.119597, -0.159205
28509, -0.154241, 0.147824, -0.114546, -0.154241
28560, -0.153810, 0.147402, -0.112964, -0.153810
28611, -0.153727, 0.146840, -0.111980, -0.153727
28662, -0.151709, 0.146181, -0.109809, -0.151709
28713, -0.147328, 0.145434, -0.104603, -0.147328
28764, -0.141838, 0.144661, -0.097251, -0.141838
28815, -0.134743, 0.143880, -0.086730, -0.134743
28866, -0.122076, 0.143051, -0.072903, -0.122076
28917, -0.109744, 0.142151, -0.060384, -0.109744
28968, -0.095800, 0.141145, -0.044796, -0.095800
29019, -0.078863, 0.140029, -0.030726, -0.078863
29070, -0.060952, 0.138843, -0.016271, -0.060952
29121, -0.050875, 0.137643, -0.006534, -0.050875
29172, -0.041139, 0.136509, 0.001371, -0.041139
29223, -0.029109, 0.135506, 0.012158, -0.029109
29274, -0.018106, 0.134689, 0.021540, -0.018106
29325, -0.008288, 0.134005, 0.027189, -0.008288
29376, -0.001218, 0.133339, 0.030916, -0.001218
29427, 0.004439, 0.132669, 0.032736, 0.004439
29478, 0.006338, 0.132059, 0.032646, 0.006338
29529, 0.005023, 0.131567, 0.030773, 0.005023
29580, 0.005809, 0.131120, 0.029882, 0.005809
29631, 0.007078, 0.130755, 0.030616, 0.007078
29682, 0.007751, 0.130489, 0.030959, 0.007751
29733, 0.008957, 0.130279, 0.033679, 0.008957
29784, 0.009835, 0.130072, 0.036830, 0.009835
29835, 0.010184, 0.129855, 0.038013, 0.010184
29886, 0.010992, 0.129623, 0.039278, 0.010992
29937, 0.009919, 0.129394, 0.040173, 0.009919
29988, 0.010577, 0.129160, 0.043375, 0.010577
30039, 0.012473, 0.128929, 0.047922, 0.012473
30090, 0.017062, 0.128713, 0.054570, 0.017062
30141, 0.018496, 0.128506, 0.055088, 0.018496
30192, 0.015700, 0.128281, 0.053834, 0.015700
30243, 0.010044, 0.128020, 0.049446, 0.010044
30294, 0.003907, 0.127712, 0.044713, 0.003907
30345, -0.002671, 0.127352, 0.040162, -0.002671
30396, -0.006291, 0.126948, 0.036366, -0.006291
30447, -0.006420, 0.126501, 0.035100, -0.006420
30498, -0.002815, 0.126016, 0.035784, -0.002815
30549, 0.003642, 0.125500, 0.037393, 0.003642
30600, 0.004652, 0.124953, 0.035287, 0.004652
30651, 0.002355, 0.124381, 0.029835, 0.002355
30702, -0.002624, 0.123772, 0.022833, -0.002624
30753, -0.008841, 0.123110, 0.015210, -0.008841
30804, -0.017599, 0.122397, 0.003709, -0.017599
30855, -0.029128, 0.121627, -0.009382, -0.029128
30906, -0.043453, 0.120789, -0.025388, -0.043453
30957, -0.059333, 0.119886, -0.041966, -0.059333
31008, -0.075920, 0.118922, -0.060496, -0.075920
31059, -0.094404, 0.117903, -0.079133, -0.094404
31110, -0.108182, 0.116828, -0.095546, -0.108182
31161, -0.128371, 0.115678, -0.118321, -0.128371
31212, -0.153112, 0.114431, -0.142972, -0.153112
31263, -0.174840, 0.113059, -0.162983, -0.174840
31314, -0.185345, 0.111586, -0.175055, -0.185345
31365, -0.198300, 0.110036, -0.188305, -0.198300
31416, -0.207754, 0.108401, -0.199817, -0.207754
31467, -0.216680, 0.106702, -0.211407, -0.216680
31518, -0.227677, 0.104964, -0.223418, -0.227677
31569, -0.238643, 0.103197, -0.236075, -0.238643
31620, -0.252011, 0.101387, -0.248968, -0.252011
31671, -0.266297, 0.099555, -0.263898, -0.266297
31722, -0.275993, 0.097714, -0.273186, -0.275993
31773, -0.280337, 0.095900, -0.277582, -0.280337
31824, -0.281153, 0.094112, -0.279407, -0.281153
31875, -0.280507, 0.092402, -0.279310, -0.280507
31926, -0.278887, 0.090746, -0.276040, -0.278887
31977, -0.275003, 0.089152, -0.268900, -0.275003
32028, -0.267499, 0.087570, -0.261499, -0.267499
32079, -0.261771, 0.086031, -0.254744, -0.261771
32130, -0.255780, 0.084602, -0.246243, -0.255780
32181, -0.249261, 0.083212, -0.237680, -0.249261
32232, -0.241454, 0.081714, -0.230551, -0.241454
32283, -0.236280, 0.080038, -0.225757, -0.236280
32334, -0.229164, 0.078141, -0.220370, -0.229164
32385, -0.219312, 0.075942, -0.214028, -0.219312
32436, -0.210478, 0.073420, -0.206934, -0.210478
32487, -0.203879, 0.070642, -0.201627, -0.203879
32538, -0.195684, 0.067660, -0.193674, -0.195684
32589, -0.185939, 0.064531, -0.183570, -0.185939
32640, -0.175105, 0.061292, -0.172704, -0.175105
32691, -0.167874, 0.057937, -0.163951, -0.167874
32742, -0.159386, 0.054466, -0.155314, -0.159386
32793, -0.151861, 0.050890, -0.147072, -0.151861
32844, -0.147155, 0.047202, -0.139423, -0.147155
32895, -0.147985, 0.043383, -0.135983, -0.147985
32946, -0.149623, 0.039418, -0.134331, -0.149623
32997, -0.146237, 0.035349, -0.130758, -0.146237
33048, -0.143426, 0.031420, -0.128618, -0.143426
33099, -0.144082, 0.028004, -0.130154, -0.144082
33150, -0.144856, 0.024961, -0.131981, -0.144856
33201, -0.141524, 0.021958, -0.126824, -0.141524
33252, -0.134888, 0.018933, -0.117660, -0.134888
33303, -0.128229, 0.015846, -0.107621, -0.128229
33354, -0.119979, 0.012693, -0.096059, -0.119979
33405, -0.110333, 0.009481, -0.085483, -0.110333
33456, -0.097786, 0.006240, -0.074613, -0.097786
33507, -0.087813, 0.003005, -0.063563, -0.087813
33558, -0.080405, -0.000113, -0.054455, -0.080405
33609, -0.073672, -0.003131, -0.045349, -0.073672
33660, -0.070777, -0.006027, -0.040695, -0.070777
33711, -0.070008, -0.008814, -0.038590, -0.070008
33762, -0.069095, -0.011512, -0.038101, -0.069095
33813, -0.069019, -0.014110, -0.042437, -0.069019
33864, -0.070901, -0.016618, -0.046340, -0.070901
33915, -0.072205, -0.019037, -0.048350, -0.072205
33966, -0.075543, -0.021308, -0.051449, -0.075543
34017, -0.081780, -0.023375, -0.058235, -0.081780
34068, -0.085648, -0.025124, -0.061823, -0.085648
34119, -0.089607, -0.026614, -0.064240, -0.089607
34170, -0.090720, -0.027959, -0.066625, -0.090720
34221, -0.087804, -0.029260, -0.065089, -0.087804
34272, -0.084186, -0.030546, -0.060649, -0.084186
34323, -0.081863, -0.031805, -0.058904, -0.081863
34374, -0.086603, -0.033041, -0.060860, -0.086603
34425, -0.090084, -0.034254, -0.061965, -0.090084
34476, -0.089693, -0.035442, -0.063892, -0.089693
34527, -0.094949, -0.036616, -0.070222, -0.094949
34578, -0.100864, -0.037787, -0.076857, -0.100864
34629, -0.104120, -0.038990, -0.081672, -0.104120
34680, -0.104105, -0.040241, -0.083507, -0.104105
34731, -0.098528, -0.041540, -0.083275, -0.098528
34782, -0.094135, -0.042889, -0.082560, -0.094135
34833, -0.086864, -0.044270, -0.077937, -0.086864
34884, -0.077151, -0.045688, -0.068624, -0.077151
34935, -0.064910, -0.047134, -0.058990, -0.064910
34986, -0.057359, -0.048629, -0.049570, -0.057359
35037, -0.053449, -0.050193, -0.043220, -0.053449
35088, -0.044616, -0.051828, -0.032704, -0.044616
35139, -0.032680, -0.053537, -0.019944, -0.032680
35190, -0.019278, -0.055323, -0.009673, -0.019278
35241, -0.010107, -0.057192, -0.004264, -0.010107
35292, -0.000937, -0.059133, 0.001548, -0.000937
35343, 0.012109, -0.061126, 0.010560, 0.012109
35394, 0.020327, -0.063190, 0.018747, 0.020327
35445, 0.026839, -0.065329, 0.024627, 0.026839
35496, 0.035986, -0.067560, 0.034189, 0.035986
35547, 0.046399, -0.069874, 0.045445, 0.046399
35598, 0.055013, -0.072263, 0.054725, 0.055013
35649, 0.059076, -0.074740, 0.061337, 0.059076
35700, 0.062044, -0.077303, 0.066054, 0.062044
35751, 0.066272, -0.079908, 0.071360, 0.066272
35802, 0.072991, -0.082568, 0.079536, 0.072991
35853, 0.081633, -0.085303, 0.089399, 0.081633
35904, 0.091029, -0.088079, 0.098879, 0.091029
35955, 0.100116, -0.090833, 0.108325, 0.100116
36006, 0.107110, -0.093555, 0.114433, 0.107110
36057, 0.116167, -0.096231, 0.123099, 0.116167
36108, 0.125497, -0.098879, 0.133314, 0.125497
36159, 0.136785, -0.101475, 0.144052, 0.136785
36210, 0.151986, -0.104063, 0.156670, 0.151986
36261, 0.168783, -0.106680, 0.169426, 0.168783
36312, 0.186271, -0.109318, 0.184384, 0.186271
36363, 0.199667, -0.111853, 0.195033, 0.199667
36414, 0.213109, -0.114243, 0.204732, 0.213109
36465, 0.220568, -0.116498, 0.212055, 0.220568
36516, 0.227974, -0.118602, 0.220192, 0.227974
36567, 0.236517, -0.120580, 0.227375, 0.236517
36618, 0.244980, -0.122434, 0.232915, 0.244980
36669, 0.247954, -0.124194, 0.235453, 0.247954
36720, 0.251572, -0.125841, 0.238204, 0.251572
36771, 0.254591, -0.127412, 0.239419, 0.254591
36822, 0.256908, -0.128929, 0.239352, 0.256908
36873, 0.256500, -0.130395, 0.242259, 0.256500
36924, 0.252442, -0.131832, 0.243442, 0.252442
36975, 0.251326, -0.133270, 0.244324, 0.251326
37026, 0.247229, -0.134714, 0.241069, 0.247229
37077, 0.245800, -0.136165, 0.238854, 0.245800
37128, 0.244688, -0.137627, 0.237703, 0.244688
37179, 0.242889, -0.139097, 0.236358, 0.242889
37230, 0.237672, -0.140531, 0.231833, 0.237672
37281, 0.228973, -0.141909, 0.225473, 0.228973
37332, 0.220931, -0.143224, 0.218999, 0.220931
37383, 0.213053, -0.144513, 0.212811, 0.213053
37434, 0.204966, -0.145757, 0.204788, 0.204966
37485, 0.199293, -0.146988, 0.196265, 0.199293
37536, 0.190798, -0.148228, 0.187014, 0.190798
37587, 0.185710, -0.149488, 0.183372, 0.185710
37638, 0.180929, -0.150745, 0.178110, 0.180929
37689, 0.173612, -0.151992, 0.169927, 0.173612
37740, 0.162966, -0.153218, 0.159308, 0.162966
37791, 0.150452, -0.154421, 0.147392, 0.150452
37842, 0.135970, -0.155582, 0.132777, 0.135970
37893, 0.121063, -0.156676, 0.117571, 0.121063
37944, 0.106170, -0.157691, 0.101173, 0.106170
37995, 0.094366, -0.158655, 0.088132, 0.094366
38046, 0.079504, -0.159599, 0.074830, 0.079504
38097, 0.061737, -0.160525, 0.061601, 0.061737
38148, 0.046303, -0.161423, 0.050024, 0.046303
38199, 0.036106, -0.162278, 0.039617, 0.036106
38250, 0.029786, -0.163071, 0.033473, 0.029786
38301, 0.025042, -0.163794, 0.028685, 0.025042
38352, 0.021371, -0.164471, 0.024871, 0.021371
38403, 0.013610, -0.165112, 0.018948, 0.013610
38454, 0.005392, -0.165723, 0.011852, 0.005392
38505, -0.001222, -0.166292, 0.006696, -0.001222
38556, -0.007252, -0.166786, 0.001424, -0.007252
38607, -0.016355, -0.167203, -0.008010, -0.016355
38658, -0.023144, -0.167555, -0.016090, -0.023144
38709, -0.029307, -0.167857, -0.022339, -0.029307
38760, -0.033316, -0.168119, -0.027113, -0.033316
38811, -0.036392, -0.168349, -0.031445, -0.036392
38862, -0.039837, -0.168570, -0.036986, -0.039837
38913, -0.038856, -0.168786, -0.040211, -0.038856
38964, -0.037574, -0.168991, -0.040947, -0.037574
39015, -0.036500, -0.169160, -0.038780, -0.036500
39066, -0.035890, -0.169294, -0.038005, -0.035890
39117, -0.034888, -0.169368, -0.036643, -0.034888
39168, -0.036697, -0.169393, -0.036489, -0.036697
39219, -0.039160, -0.169364, -0.036003, -0.039160
39270, -0.041830, -0.169262, -0.037755, -0.041830
39321, -0.040637, -0.169075, -0.037056, -0.040637
39372, -0.037328, -0.168804, -0.033601, -0.037328
39423, -0.033974, -0.168459, -0.031854, -0.033974
39474, -0.031233, -0.168043, -0.030265, -0.031233
39525, -0.024999, -0.167541, -0.029557, -0.024999
39576, -0.021917, -0.166911, -0.031543, -0.021917
39627, -0.020698, -0.166156, -0.033965, -0.020698
39678, -0.019764, -0.165308, -0.034084, -0.019764
39729, -0.012707, -0.164363, -0.028850, -0.012707
39780, -0.006207, -0.163332, -0.022629, -0.006207
39831, -0.000651, -0.162222, -0.015661, -0.000651
39882, 0.004113, -0.161072, -0.012147, 0.004113
39933, 0.010479, -0.159925, -0.011639, 0.010479
39984, 0.015685, -0.158785, -0.010559, 0.015685
40035, 0.025026, -0.157661, -0.003294, 0.025026
40086, 0.036805, -0.156533, 0.005375, 0.036805
40137, 0.047720, -0.155376, 0.012867, 0.047720
40188, 0.056542, -0.154183, 0.021005, 0.056542
40239, 0.064189, -0.152947, 0.030054, 0.064189
40290, 0.069490, -0.151681, 0.035204, 0.069490
40341, 0.073167, -0.150398, 0.035810, 0.073167
40392, 0.073214, -0.149120, 0.036020, 0.073214
40443, 0.070246, -0.147857, 0.033314, 0.070246
40494, 0.064742, -0.146617, 0.029879, 0.064742
40545, 0.058585, -0.145377, 0.025992, 0.058585
40596, 0.054347, -0.144067, 0.020106, 0.054347
40647, 0.045392, -0.142649, 0.008966, 0.045392
40698, 0.033385, -0.141121, -0.005210, 0.033385
40749, 0.025151, -0.139483, -0.015418, 0.025151
40800, 0.021224, -0.137777, -0.020852, 0.021224
40851, 0.015123, -0.136018, -0.028107, 0.015123
40902, 0.005678, -0.134191, -0.037080, 0.005678
40953, -0.000918, -0.132268, -0.042920, -0.000918
41004, -0.000392, -0.130220, -0.042453, -0.000392
41055, -0.001449, -0.128047, -0.041768, -0.001449
41106, -0.001844, -0.125690, -0.038614, -0.001844
41157, 0.001399, -0.123121, -0.031625, 0.001399
41208, 0.000492, -0.120288, -0.028739, 0.000492
41259, -0.001696, -0.117204, -0.027461, -0.001696
41310, 0.002297, -0.113809, -0.020681, 0.002297
41361, 0.009700, -0.110124, -0.009769, 0.009700
41412, 0.018686, -0.106133, 0.002309, 0.018686
41463, 0.022289, -0.101888, 0.009444, 0.022289
41514, 0.031437, -0.097420, 0.021119, 0.031437
41565, 0.039313, -0.092750, 0.030934, 0.039313
41616, 0.046793, -0.087984, 0.038851, 0.046793
41667, 0.052988, -0.083211, 0.043058, 0.052988
41718, 0.056620, -0.078449, 0.045023, 0.056620
41769, 0.060768, -0.073717, 0.048406, 0.060768
41820, 0.066164, -0.069053, 0.051221, 0.066164
41871, 0.071812, -0.064480, 0.053778, 0.071812
41922, 0.070985, -0.060027, 0.052010, 0.070985
41973, 0.063436, -0.055735, 0.047719, 0.063436
42024, 0.057390, -0.051643, 0.043553, 0.057390
42075, 0.053713, -0.047791, 0.039910, 0.053713
42126, 0.051295, -0.044205, 0.037281, 0.051295
42177, 0.045957, -0.040895, 0.031721, 0.045957
42228, 0.044146, -0.037819, 0.027110, 0.044146
42279, 0.045146, -0.034930, 0.025291, 0.045146
42330, 0.044676, -0.032218, 0.026410, 0.044676
42381, 0.042545, -0.029712, 0.028336, 0.042545
42432, 0.039093, -0.027470, 0.027999, 0.039093
42483, 0.034010, -0.025530, 0.025850, 0.034010
42534, 0.033347, -0.023890, 0.027085, 0.033347
42585, 0.033867, -0.022562, 0.028229, 0.033867
42636, 0.035032, -0.021591, 0.029782, 0.035032
42687, 0.039522, -0.020979, 0.032709, 0.039522
42738, 0.044521, -0.020668, 0.036065, 0.044521
42789, 0.046812, -0.020608, 0.039598, 0.046812
42840, 0.048252, -0.020796, 0.042566, 0.048252
42891, 0.050718, -0.021270, 0.045763, 0.050718
42942, 0.051472, -0.022126, 0.048179, 0.051472
42993, 0.053990, -0.023442, 0.052753, 0.053990
43044, 0.054919, -0.025281, 0.056715, 0.054919
43095, 0.053259, -0.027547, 0.057326, 0.053259
43146, 0.049362, -0.030125, 0.056038, 0.049362
43197, 0.047260, -0.032992, 0.053943, 0.047260
43248, 0.043410, -0.036065, 0.051132, 0.043410
43299, 0.038030, -0.039233, 0.045144, 0.038030
43350, 0.032449, -0.042424, 0.039138, 0.032449
43401, 0.029870, -0.045639, 0.036526, 0.029870
43452, 0.026526, -0.048913, 0.032020, 0.026526
43503, 0.026586, -0.052212, 0.027226, 0.026586
43554, 0.030957, -0.055449, 0.025324, 0.030957
43605, 0.038769, -0.058535, 0.028929, 0.038769
43656, 0.044644, -0.061487, 0.033288, 0.044644
43707, 0.052287, -0.064122, 0.039187, 0.052287
43758, 0.056701, -0.066394, 0.043871, 0.056701
43809, 0.060384, -0.068352, 0.047120, 0.060384
43860, 0.063858, -0.070011, 0.050566, 0.063858
43911, 0.069235, -0.071315, 0.055031, 0.069235
43962, 0.072089, -0.072460, 0.058454, 0.072089
44013, 0.070468, -0.073569, 0.056349, 0.070468
44064, 0.070994, -0.074601, 0.056958, 0.070994
44115, 0.077630, -0.075547, 0.062126, 0.077630
44166, 0.083203, -0.076423, 0.067708, 0.083203
44217, 0.089561, -0.077292, 0.072916, 0.089561
44268, 0.097237, -0.078281, 0.078470, 0.097237
44319, 0.105159, -0.079427, 0.086593, 0.105159
44370, 0.112042, -0.080615, 0.093326, 0.112042
44421, 0.116322, -0.081883, 0.098602, 0.116322
44472, 0.123961, -0.083304, 0.105753, 0.123961
44523, 0.134027, -0.084857, 0.113545, 0.134027
44574, 0.142241, -0.086510, 0.120492, 0.142241
44625, 0.147911, -0.088243, 0.126270, 0.147911
44676, 0.153916, -0.089985, 0.130464, 0.153916
44727, 0.151113, -0.091710, 0.128847, 0.151113
44778, 0.148590, -0.093438, 0.129148, 0.148590
44829, 0.144400, -0.095157, 0.126600, 0.144400
44880, 0.139131, -0.096859, 0.123113, 0.139131
44931, 0.131917, -0.098498, 0.120019, 0.131917
44982, 0.122158, -0.099873, 0.116596, 0.122158
45033, 0.120155, -0.100962, 0.116084, 0.120155
45084, 0.121792, -0.101845, 0.117808, 0.121792
45135, 0.124127, -0.102565, 0.120619, 0.124127
45186, 0.123499, -0.103097, 0.119966, 0.123499
45237, 0.121712, -0.103464, 0.119384, 0.121712
45288, 0.117129, -0.103727, 0.115812, 0.117129
45339, 0.108092, -0.103919, 0.109451, 0.108092
45390, 0.096078, -0.103971, 0.099986, 0.096078
45441, 0.084209, -0.103894, 0.088367, 0.084209
45492, 0.079950, -0.103712, 0.081362, 0.079950
45543, 0.077970, -0.103419, 0.077302, 0.077970
45594, 0.076626, -0.103028, 0.071748, 0.076626
45645, 0.070071, -0.102562, 0.063516, 0.070071
45696, 0.066086, -0.102070, 0.057607, 0.066086
45747, 0.065765, -0.101566, 0.053955, 0.065765
45798, 0.064397, -0.101049, 0.049658, 0.064397
45849, 0.062784, -0.100519, 0.047343, 0.062784
45900, 0.058295, -0.099979, 0.043201, 0.058295
45951, 0.055849, -0.099409, 0.038625, 0.055849
46002, 0.049332, -0.098796, 0.031008, 0.049332
46053, 0.038212, -0.098163, 0.020483, 0.038212
46104, 0.027699, -0.097499, 0.010302, 0.027699
46155, 0.013962, -0.096768, -0.001697, 0.013962
46206, 0.002534, -0.095991, -0.011529, 0.002534
46257, -0.003820, -0.095154, -0.019480, -0.003820
46308, -0.011241, -0.094204, -0.025516, -0.011241
46359, -0.018059, -0.093120, -0.029789, -0.018059
46410, -0.026235, -0.091913, -0.032825, -0.026235
46461, -0.036935, -0.090646, -0.038959, -0.036935
46512, -0.046372, -0.089325, -0.045585, -0.046372
46563, -0.057510, -0.087931, -0.054846, -0.057510
46614, -0.063981, -0.086424, -0.060986, -0.063981
46665, -0.071733, -0.084832, -0.067734, -0.071733
46716, -0.082060, -0.083148, -0.076592, -0.082060
46767, -0.091791, -0.081399, -0.085663, -0.091791
46818, -0.103841, -0.079612, -0.097199, -0.103841
46869, -0.114876, -0.077791, -0.108764, -0.114876
46920, -0.125668, -0.075939, -0.120698, -0.125668
46971, -0.135053, -0.074059, -0.132381, -0.135053
47022, -0.138044, -0.072159, -0.140692, -0.138044
47073, -0.138881, -0.070252, -0.146847, -0.138881
47124, -0.138526, -0.068349, -0.150745, -0.138526
47175, -0.136741, -0.066463, -0.155091, -0.136741
47226, -0.129509, -0.064610, -0.151673, -0.129509
47277, -0.122038, -0.062794, -0.146458, -0.122038
47328, -0.120195, -0.061014, -0.143451, -0.120195
47379, -0.116112, -0.059288, -0.138787, -0.116112
47430, -0.117379, -0.057624, -0.138386, -0.117379
47481, -0.120512, -0.056026, -0.141155, -0.120512
47532, -0.123586, -0.054482, -0.144304, -0.123586
47583, -0.126917, -0.053006, -0.149723, -0.126917
47634, -0.126916, -0.051602, -0.152878, -0.126916
47685, -0.130861, -0.050278, -0.157948, -0.130861
47736, -0.129351, -0.049042, -0.159217, -0.129351
47787, -0.129241, -0.047917, -0.160076, -0.129241
47838, -0.129054, -0.046916, -0.158593, -0.129054
47889, -0.128472, -0.046056, -0.158566, -0.128472
47940, -0.122415, -0.045343, -0.153950, -0.122415
47991, -0.112847, -0.044767, -0.143856, -0.112847
48042, -0.102284, -0.044321, -0.135553, -0.102284
48093, -0.092311, -0.044001, -0.126495, -0.092311
48144, -0.088013, -0.043825, -0.120036, -0.088013
48195, -0.083684, -0.043819, -0.113931, -0.083684
48246, -0.078481, -0.044013, -0.107962, -0.078481
48297, -0.074351, -0.044411, -0.102871, -0.074351
48348, -0.071974, -0.044999, -0.103098, -0.071974
48399, -0.070018, -0.045740, -0.102154, -0.070018
48450, -0.071214, -0.046607, -0.100899, -0.071214
48501, -0.075189, -0.047568, -0.098986, -0.075189
48552, -0.077124, -0.048595, -0.095340, -0.077124
48603, -0.077299, -0.049636, -0.093129, -0.077299
48654, -0.079343, -0.050682, -0.092545, -0.079343
48705, -0.078761, -0.051777, -0.088717, -0.078761
48756, -0.073760, -0.052936, -0.083081, -0.073760
48807, -0.070401, -0.054142, -0.079870, -0.070401
48858, -0.068414, -0.055281, -0.078320, -0.068414
48909, -0.075467, -0.056219, -0.080603, -0.075467
48960, -0.085243, -0.056928, -0.085518, -0.085243
49011, -0.094089, -0.057390, -0.089745, -0.094089
49062, -0.100766, -0.057656, -0.092706, -0.100766
49113, -0.101073, -0.057765, -0.091188, -0.101073
49164, -0.107995, -0.057771, -0.094673, -0.107995
49215, -0.115849, -0.057732, -0.102851, -0.115849
49266, -0.128536, -0.057653, -0.115484, -0.128536
49317, -0.139836, -0.057540, -0.128994, -0.139836
49368, -0.157082, -0.057408, -0.147738, -0.157082
49419, -0.170038, -0.057271, -0.163539, -0.170038
49470, -0.181230, -0.057139, -0.174607, -0.181230
49521, -0.189285, -0.057016, -0.180472, -0.189285
49572, -0.199827, -0.056911, -0.187031, -0.199827
49623, -0.205651, -0.056826, -0.192421, -0.205651
49674, -0.211519, -0.056770, -0.198635, -0.211519
49725, -0.217809, -0.056741, -0.204657, -0.217809
49776, -0.225010, -0.056729, -0.213344, -0.225010
49827, -0.233309, -0.056710, -0.224039, -0.233309
49878, -0.239787, -0.056698, -0.232723, -0.239787
49929, -0.247758, -0.056713, -0.243611, -0.247758
49980, -0.253742, -0.056749, -0.251380, -0.253742
