Block_size, U, C_V, P, R
1, 1.000000, 1.000000, 1.000000, 1.000000
101, 96.721679, 100.833523, 97.388118, 96.721679
201, 184.958077, 199.700930, 186.601377, 184.958077
301, 266.267657, 296.682599, 269.255338, 266.267657
401, 340.386005, 392.056237, 344.395517, 340.386005
501, 413.408820, 483.433896, 419.699275, 413.408820
601, 482.813917, 578.834099, 489.347227, 482.813917
701, 534.179102, 676.110574, 542.528964, 534.179102
801, 600.888210, 760.317943, 608.120623, 600.888210
901, 646.080758, 834.951607, 655.425347, 646.080758
1001, 710.961477, 903.303537, 717.079298, 710.961477
1101, 753.978742, 973.659279, 757.071902, 753.978742
1201, 783.597735, 1020.903423, 792.509883, 783.597735
1301, 831.576361, 1063.404970, 840.115625, 831.576361
1401, 862.072753, 1077.036033, 866.448148, 862.072753
1501, 883.292767, 1101.443301, 893.457879, 883.292767
1601, 861.714110, 1108.484632, 871.619569, 861.714110
1701, 953.129105, 1098.987654, 963.709641, 953.129105
1801, 941.611075, 1109.038821, 949.551048, 941.611075
1901, 1111.889133, 1080.343218, 1123.139487, 1111.889133
2001, 1145.557615, 1101.370511, 1147.040056, 1145.557615
2101, 1088.648264, 1111.587317, 1104.044458, 1088.648264
2201, 929.437819, 1109.159610, 935.530303, 929.437819
2301, 1160.026699, 1143.300199, 1174.417731, 1160.026699
2401, 1100.804712, 1191.148198, 1102.903781, 1100.804712
2501, 1236.194201, 1204.979625, 1235.535315, 1236.194201
2601, 1191.182039, 1213.942075, 1197.064027, 1191.182039
2701, 1286.770569, 1242.479490, 1296.107941, 1286.770569
2801, 1330.557241, 1304.119251, 1333.244137, 1330.557241
2901, 1167.282933, 1362.540146, 1189.525506, 1167.282933
3001, 1320.855880, 1362.832524, 1314.596813, 1320.855880
3101, 1196.775268, 1390.868435, 1197.612746, 1196.775268
3201, 1150.605188, 1403.742599, 1133.491210, 1150.605188
3301, 1256.707760, 1443.828252, 1242.125068, 1256.707760
3401, 1186.688232, 1507.133885, 1191.983687, 1186.688232
3501, 1369.430546, 1593.498729, 1351.343538, 1369.430546
3601, 1229.808656, 1723.267075, 1237.936817, 1229.808656
3701, 1199.527868, 1719.242542, 1218.410271, 1199.527868
3801, 1278.340516, 1730.881471, 1287.983378, 1278.340516
3901, 1268.662276, 1784.227346, 1267.328901, 1268.662276
4001, 1010.594525, 1823.520963, 980.304227, 1010.594525
4101, 1445.702626, 1746.259324, 1466.080989, 1445.702626
4201, 1587.806588, 1775.764400, 1567.728672, 1587.806588
4301, 1381.489482, 1805.608383, 1378.142322, 1381.489482
4401, 1340.363764, 1904.956821, 1362.387212, 1340.363764
4501, 1298.766459, 1933.511112, 1253.333732, 1298.766459
4601, 1472.901838, 2070.459278, 1447.075633, 1472.901838
4701, 1530.694183, 2136.351082, 1496.241121, 1530.694183
4801, 1480.570685, 2336.050004, 1457.212497, 1480.570685
4901, 1298.617824, 2292.941934, 1296.129788, 1298.617824
5001, 1332.975022, 2295.330184, 1341.149503, 1332.975022
5101, 1451.092384, 2197.610021, 1457.722401, 1451.092384
5201, 1687.334702, 2122.232670, 1664.196035, 1687.334702
5301, 1516.963771, 2181.218361, 1488.264408, 1516.963771
5401, 1394.263838, 2146.430229, 1369.256579, 1394.263838
5501, 1323.051157, 2070.634030, 1315.841432, 1323.051157
5601, 1492.421131, 2028.915154, 1486.166232, 1492.421131
5701, 1401.130387, 1884.404632, 1330.291818, 1401.130387
5801, 1418.517338, 1799.316790, 1377.387462, 1418.517338
5901, 1614.944104, 1888.959137, 1627.218620, 1614.944104
6001, 1765.524040, 1879.552136, 1766.421017, 1765.524040
6101, 1706.043857, 1914.385579, 1678.437855, 1706.043857
6201, 1663.933637, 1976.241838, 1603.512308, 1663.933637
6301, 1359.142644, 2156.270777, 1339.184724, 1359.142644
6401, 1262.546895, 2191.952532, 1253.816456, 1262.546895
6501, 1720.231105, 2201.836535, 1727.490210, 1720.231105
6601, 1507.030943, 2237.370887, 1491.456081, 1507.030943
6701, 1552.227904, 2468.796691, 1581.026861, 1552.227904
6801, 1403.975048, 2580.478606, 1409.517473, 1403.975048
6901, 1358.524137, 2720.824754, 1305.160227, 1358.524137
7001, 1435.807774, 2851.875862, 1320.699644, 1435.807774
7101, 1544.216311, 2958.387577, 1428.241513, 1544.216311
7201, 1631.813317, 3266.599467, 1606.938228, 1631.813317
7301, 1418.241967, 3269.740760, 1427.504274, 1418.241967
7401, 1349.204015, 3187.484265, 1371.588534, 1349.204015
7501, 1394.744166, 3083.158553, 1394.775931, 1394.744166
7601, 1363.635775, 2961.820338, 1345.251995, 1363.635775
7701, 1328.326341, 3069.282525, 1280.255632, 1328.326341
7801, 1420.055437, 2922.515117, 1360.895613, 1420.055437
7901, 1258.134488, 2774.726253, 1227.207446, 1258.134488
8001, 1186.697281, 2633.818936, 1177.508840, 1186.697281
8101, 1174.713958, 2503.969473, 1188.628980, 1174.713958
8201, 1370.248239, 2375.943721, 1372.371713, 1370.248239
8301, 1643.269232, 2248.517925, 1620.590333, 1643.269232
8401, 1945.054785, 2309.213517, 1911.586610, 1945.054785
8501, 1992.692988, 2188.148890, 1934.289614, 1992.692988
8601, 1973.478852, 2055.724114, 1921.078187, 1973.478852
8701, 1809.457119, 1911.513388, 1782.487527, 1809.457119
8801, 1769.336540, 1750.152313, 1736.765654, 1769.336540
8901, 1769.223192, 1583.885343, 1727.920149, 1769.223192
9001, 1533.776322, 1445.879558, 1496.890467, 1533.776322
9101, 1433.024342, 1456.968502, 1398.526142, 1433.024342
9201, 1498.781407, 1351.992098, 1462.152161, 1498.781407
9301, 1605.281818, 1274.964089, 1564.559911, 1605.281818
9401, 1661.432793, 1218.815532, 1611.673045, 1661.432793
9501, 1604.397775, 1177.377664, 1557.870031, 1604.397775
9601, 1816.252180, 1143.781560, 1796.819340, 1816.252180
9701, 1932.027457, 1110.540429, 1896.075882, 1932.027457
9801, 1986.625269, 1089.660963, 1916.760130, 1986.625269
9901, 1744.390936, 1083.953334, 1672.483691, 1744.390936
10001, 1763.362031, 1210.918880, 1699.080213, 1763.362031
10101, 1859.138153, 1235.898141, 1797.706334, 1859.138153
10201, 1969.972504, 1278.321055, 1890.262019, 1969.972504
10301, 2314.296558, 1335.602416, 2173.674802, 2314.296559
10401, 2342.789436, 1393.604425, 2180.358850, 2342.789436
10501, 2289.717481, 1453.351585, 2123.651001, 2289.717481
10601, 2280.354937, 1518.258081, 2132.845031, 2280.354937
10701, 2063.348069, 1581.914486, 1935.926416, 2063.348069
10801, 2045.371677, 1642.395709, 1949.071220, 2045.371677
10901, 1906.437197, 1692.354267, 1841.342539, 1906.437197
11001, 1862.941079, 1704.189058, 1834.257581, 1862.941079
11101, 1962.227166, 1687.014902, 1934.274177, 1962.227166
11201, 2056.672894, 1878.752935, 2045.408042, 2056.672894
11301, 1960.937062, 1859.835332, 1930.557322, 1960.937062
11401, 1887.874827, 1842.142018, 1866.902882, 1887.874827
11501, 1864.068044, 1840.897100, 1844.471993, 1864.068044
11601, 1904.718713, 1860.398359, 1875.108390, 1904.718713
11701, 1982.117265, 1890.811702, 1933.204781, 1982.117265
11801, 2002.092797, 1927.668864, 1931.003219, 2002.092797
11901, 2036.609144, 1970.449243, 1980.345179, 2036.609144
12001, 2105.201502, 2017.634701, 2035.275074, 2105.201502
12101, 2092.937821, 2065.065069, 2019.905712, 2092.937821
12201, 2184.283281, 2112.993862, 2081.262304, 2184.283281
12301, 2263.263579, 2158.604282, 2138.148398, 2263.263579
12401, 2290.367752, 2203.250848, 2192.011153, 2290.367752
12501, 2167.084829, 2571.628703, 2143.248523, 2167.084829
12601, 2118.878393, 2632.494528, 2112.213704, 2118.878393
12701, 1986.871659, 2694.040559, 1971.623500, 1986.871659
12801, 1858.520938, 2751.393239, 1855.637837, 1858.520938
12901, 1979.986790, 2798.434442, 1965.357754, 1979.986790
13001, 2082.551958, 2842.670713, 2097.102536, 2082.551958
13101, 2001.488091, 2895.703010, 1999.833839, 2001.488091
13201, 1855.744829, 2958.528097, 1837.419976, 1855.744830
13301, 1744.522527, 3028.862250, 1729.138522, 1744.522527
13401, 1635.957350, 3102.517309, 1619.377078, 1635.957350
13501, 1449.766132, 3179.736887, 1422.626666, 1449.766132
13601, 1352.520688, 3262.521421, 1321.848764, 1352.520688
13701, 1290.396317, 3348.964665, 1248.534607, 1290.396317
13801, 1145.277896, 3431.055824, 1100.098002, 1145.277896
13901, 1150.835512, 3504.680036, 1073.234937, 1150.835512
14001, 1160.363720, 3581.202319, 1052.971224, 1160.363720
14101, 1134.777437, 3658.728754, 1033.276646, 1134.777437
14201, 1088.425315, 3728.695781, 982.008382, 1088.425315
14301, 781.575730, 4411.854894, 789.554950, 781.575730
14401, 709.939577, 4461.848454, 740.329866, 709.939577
14501, 533.945317, 4485.554127, 574.469952, 533.945317
14601, 483.013351, 4470.747617, 510.621455, 483.013351
14701, 471.561162, 4419.012576, 483.163856, 471.561162
14801, 436.568945, 4350.847102, 433.502362, 436.568945
14901, 424.769742, 4275.642280, 434.332744, 424.769742
15001, 473.518336, 4190.939493, 478.814210, 473.518336
15101, 547.041255, 4094.636265, 564.327491, 547.041255
15201, 607.920463, 3993.208069, 624.966840, 607.920463
15301, 623.844081, 3892.637933, 613.543137, 623.844081
15401, 692.889222, 3794.881728, 653.690791, 692.889222
15501, 836.211519, 3700.378944, 787.150174, 836.211519
15601, 896.716421, 3607.554351, 843.018984, 896.716421
15701, 874.553042, 3517.924334, 811.482229, 874.553042
15801, 756.507186, 3430.094465, 704.607474, 756.507186
15901, 748.629856, 3346.567231, 673.499155, 748.629856
16001, 786.708839, 3271.391804, 703.252415, 786.708839
16101, 882.828004, 3203.676696, 796.840399, 882.828004
16201, 967.561929, 3137.713696, 878.740700, 967.561929
16301, 1137.064450, 3071.816990, 1028.165503, 1137.064450
16401, 1208.558181, 3003.418146, 1060.246730, 1208.558181
16501, 1209.340079, 2933.667625, 1051.586430, 1209.340079
16601, 1183.604546, 2862.004210, 1040.843527, 1183.604546
16701, 1092.529534, 3324.062366, 1030.436959, 1092.529535
16801, 1084.836624, 3242.216727, 1021.149297, 1084.836624
16901, 1080.763068, 3163.790387, 998.101754, 1080.763068
17001, 996.286098, 3088.727584, 913.375085, 996.286098
17101, 939.388721, 3015.161454, 860.630330, 939.388721
17201, 979.465861, 2941.673245, 895.466403, 979.465861
17301, 980.248264, 2867.566836, 898.404688, 980.248264
17401, 911.480265, 2795.592673, 838.629983, 911.480265
17501, 916.519237, 2728.581105, 853.604914, 916.519237
17601, 950.261029, 2664.207925, 910.884356, 950.261029
17701, 979.699453, 2602.682222, 953.208303, 979.699453
17801, 928.278783, 2544.818842, 901.826188, 928.278783
17901, 835.508538, 2491.236608, 819.390072, 835.508538
18001, 744.003271, 2439.735986, 735.403304, 744.003271
18101, 678.293697, 2389.114502, 656.907213, 678.293697
18201, 620.186288, 2340.219808, 586.189092, 620.186288
18301, 563.410231, 2296.229924, 528.222705, 563.410231
18401, 541.912964, 2255.382518, 504.719633, 541.912964
18501, 561.949976, 2222.437084, 520.958116, 561.949976
18601, 587.937378, 2194.232523, 536.991607, 587.937378
18701, 579.182325, 2169.006855, 528.908573, 579.182325
18801, 552.197701, 2144.490600, 512.725573, 552.197701
18901, 519.775105, 2120.246313, 488.255954, 519.775105
19001, 504.443417, 2096.137137, 470.460080, 504.443417
19101, 521.261236, 2073.663755, 476.087949, 521.261236
19201, 558.641191, 2049.881805, 507.079462, 558.641191
19301, 635.602653, 2026.387617, 570.392927, 635.602653
19401, 762.662801, 2002.851110, 686.350218, 762.662801
19501, 925.076440, 1984.413127, 840.649106, 925.076440
19601, 938.751475, 1971.127797, 833.901946, 938.751475
19701, 805.335791, 1961.245597, 715.829000, 805.335791
19801, 734.751649, 1953.832629, 658.065852, 734.751649
19901, 693.441892, 1947.843982, 615.587483, 693.441892
20001, 574.550731, 2299.905549, 552.289833, 574.550731
20101, 604.613192, 2323.065322, 582.353132, 604.613192
20201, 630.231934, 2346.333444, 612.416083, 630.231934
20301, 653.740068, 2369.724790, 633.258925, 653.740068
20401, 675.626170, 2392.780255, 657.947406, 675.626170
20501, 709.173098, 2415.823113, 689.997482, 709.173098
20601, 735.885290, 2437.052563, 719.542551, 735.885290
20701, 741.501212, 2454.219940, 729.075089, 741.501212
20801, 777.713324, 2467.444349, 758.786951, 777.713324
20901, 842.145816, 2480.715435, 813.722486, 842.145816
21001, 885.313766, 2495.055017, 861.812733, 885.313766
21101, 945.007309, 2511.221159, 919.409159, 945.007309
21201, 1007.393089, 2528.464317, 982.542912, 1007.393089
21301, 1080.671080, 2544.964040, 1048.186415, 1080.671080
21401, 1184.523126, 2559.870552, 1156.982874, 1184.523126
21501, 1293.018002, 2571.965535, 1273.417834, 1293.018002
21601, 1355.327710, 2581.621291, 1349.818060, 1355.327710
21701, 1358.512129, 2583.568700, 1367.738594, 1358.512129
21801, 1343.870046, 2576.969845, 1362.092319, 1343.870046
21901, 1366.273249, 2555.442663, 1371.127400, 1366.273249
22001, 1358.494150, 2517.352464, 1366.653425, 1358.494150
22101, 1342.456846, 2470.508644, 1357.945677, 1342.456846
22201, 1345.963353, 2419.593721, 1348.542845, 1345.963353
22301, 1366.932432, 2369.624054, 1374.007580, 1366.932432
22401, 1373.203305, 2319.384337, 1376.117386, 1373.203305
22501, 1394.566157, 2266.465078, 1375.386301, 1394.566157
22601, 1459.538124, 2208.026745, 1430.243617, 1459.538124
22701, 1495.062504, 2147.310675, 1459.431383, 1495.062504
22801, 1495.154340, 2087.891503, 1451.118331, 1495.154340
22901, 1485.362872, 2031.889154, 1435.604203, 1485.362872
23001, 1450.947256, 1980.931224, 1384.642548, 1450.947256
23101, 1463.777431, 1938.499418, 1382.879197, 1463.777431
23201, 1443.900906, 1900.117777, 1374.160058, 1443.900906
23301, 1439.759324, 1864.771179, 1372.061056, 1439.759324
23401, 1424.712005, 1830.946759, 1364.067345, 1424.712005
23501, 1422.155608, 1798.555404, 1351.999976, 1422.155608
23601, 1409.306008, 1767.563543, 1348.620398, 1409.306008
23701, 1384.011264, 1737.965976, 1336.039435, 1384.011264
23801, 1389.238564, 1709.940565, 1342.513611, 1389.238564
23901, 1382.629730, 1684.059121, 1347.051466, 1382.629730
24001, 1393.061356, 1659.394278, 1357.873170, 1393.061356
24101, 1419.492858, 1636.186997, 1373.337584, 1419.492858
24201, 1452.586723, 1614.460301, 1395.479691, 1452.586723
24301, 1485.474011, 1594.935094, 1419.420133, 1485.474011
24401, 1528.909434, 1578.279305, 1454.166555, 1528.909434
24501, 1601.192544, 1561.656292, 1509.103720, 1601.192544
24601, 1656.094582, 1543.557542, 1545.096736, 1656.094582
24701, 1706.304763, 1526.867761, 1595.771497, 1706.304763
24801, 1750.624656, 1511.256449, 1637.856147, 1750.624656
24901, 1787.599935, 1496.753072, 1667.562133, 1787.599935
25001, 2286.921478, 1583.052068, 2195.069554, 2286.921478
25101, 2261.665127, 1573.782072, 2194.955535, 2261.665127
25201, 2285.111356, 1565.796772, 2220.964339, 2285.111356
25301, 2273.207031, 1559.282043, 2205.590664, 2273.207031
25401, 2273.673410, 1553.995080, 2200.660258, 2273.673410
25501, 2259.758792, 1554.643123, 2190.260456, 2259.758792
25601, 2286.766687, 1565.848525, 2218.316588, 2286.766687
25701, 2377.065661, 1582.921021, 2292.222340, 2377.065661
25801, 2499.667452, 1607.334298, 2392.330668, 2499.667452
25901, 2532.394754, 1637.558391, 2434.749569, 2532.394754
26001, 2519.100084, 1669.758667, 2445.583396, 2519.100084
26101, 2433.405881, 1701.870910, 2361.712467, 2433.405881
26201, 2349.564329, 1733.488442, 2272.130282, 2349.564329
26301, 2299.992017, 1764.760208, 2234.102036, 2299.992017
26401, 2205.824787, 1795.734890, 2140.618161, 2205.824787
26501, 2122.077486, 1827.996617, 2068.463402, 2122.077486
26601, 2074.238733, 1861.137999, 2028.656014, 2074.238733
26701, 1977.992239, 1894.449321, 1938.579976, 1977.992239
26801, 1837.795678, 1926.504282, 1796.966045, 1837.795678
26901, 1692.834459, 1955.952151, 1643.975142, 1692.834459
27001, 1562.497669, 1982.732064, 1522.206360, 1562.497669
27101, 1450.359632, 2006.976338, 1405.587387, 1450.359632
27201, 1355.392161, 2028.862375, 1314.660832, 1355.392161
27301, 1291.271901, 2049.535237, 1253.914463, 1291.271902
27401, 1200.310442, 2069.203522, 1175.902724, 1200.310442
27501, 1105.214252, 2086.158199, 1085.005765, 1105.214252
27601, 1045.284035, 2100.499549, 1022.809572, 1045.284035
27701, 1001.929824, 2112.189849, 973.756629, 1001.929824
27801, 969.734348, 2121.976916, 938.199828, 969.734349
27901, 937.092461, 2128.492028, 899.131943, 937.092461
28001, 911.561072, 2131.448060, 874.750869, 911.561072
28101, 894.747349, 2133.792290, 844.702837, 894.747349
28201, 873.102263, 2137.018629, 824.983180, 873.102263
28301, 858.650747, 2140.326632, 809.658571, 858.650747
28401, 832.176105, 2143.429648, 783.848253, 832.176105
28501, 819.758992, 2146.765654, 773.023224, 819.758992
28601, 759.771744, 2149.588559, 715.476312, 759.771745
28701, 692.187458, 2151.022625, 649.421949, 692.187458
28801, 595.656006, 2149.988842, 569.721510, 595.656006
28901, 541.282832, 2147.041175, 524.442904, 541.282832
29001, 506.172906, 2144.957425, 498.712784, 506.172906
29101, 464.276678, 2143.725150, 458.843300, 464.276678
29201, 426.142831, 2140.900759, 418.247457, 426.142831
29301, 405.222569, 2135.627075, 389.647285, 405.222569
29401, 403.885409, 2129.202559, 377.245826, 403.885409
29501, 383.367653, 2122.057261, 351.790436, 383.367653
29601, 367.157961, 2114.539712, 337.399238, 367.157961
29701, 352.657823, 2107.496453, 327.242293, 352.657824
29801, 357.521463, 2100.988259, 328.618322, 357.521463
29901, 355.723483, 2094.732787, 327.188321, 355.723484
30001, 350.578994, 2088.749156, 323.510967, 350.578994
30101, 338.692459, 2082.608703, 315.343815, 338.692460
30201, 325.206813, 2076.661973, 302.356739, 325.206813
30301, 326.238552, 2071.040722, 309.262561, 326.238552
30401, 345.909535, 2067.732980, 330.972034, 345.909535
30501, 346.041282, 2066.182721, 335.282917, 346.041282
30601, 365.077776, 2065.406730, 359.397947, 365.077776
30701, 398.643983, 2066.973879, 401.077057, 398.643983
30801, 433.253291, 2072.790651, 443.403005, 433.253291
30901, 455.514676, 2080.209243, 468.493160, 455.514676
31001, 486.632812, 2089.085299, 505.535984, 486.632812
31101, 508.119377, 2099.345012, 527.996999, 508.119378
31201, 501.451438, 2109.395419, 518.513719, 501.451439
31301, 514.275923, 2118.780821, 531.729079, 514.275923
31401, 527.389385, 2127.150437, 546.181159, 527.389385
31501, 535.884165, 2135.161853, 556.058598, 535.884165
31601, 538.633735, 2143.164867, 559.252910, 538.633735
31701, 564.132936, 2151.417818, 582.867614, 564.132936
31801, 611.514951, 2159.644707, 624.685834, 611.514951
31901, 667.572591, 2166.100580, 677.142283, 667.572591
32001, 739.436896, 2169.727900, 750.095785, 739.436896
32101, 829.021046, 2170.653551, 847.595083, 829.021047
32201, 905.264148, 2168.990401, 930.026822, 905.264148
32301, 939.567380, 2167.138956, 973.816978, 939.567380
32401, 972.001305, 2166.683788, 1009.289244, 972.001305
32501, 995.141271, 2168.527162, 1032.413369, 995.141271
32601, 1006.731873, 2172.185329, 1047.982288, 1006.731874
32701, 998.920183, 2176.041845, 1044.501029, 998.920183
32801, 982.800993, 2180.608161, 1022.871865, 982.800993
32901, 953.314172, 2185.595829, 990.765754, 953.314172
33001, 919.918025, 2189.710292, 954.429920, 919.918025
33101, 843.804989, 2190.239772, 888.188307, 843.804989
33201, 800.993857, 2185.971098, 854.344520, 800.993857
33301, 801.066271, 2180.697936, 860.743371, 801.066271
33401, 1208.673445, 2477.545154, 1300.236480, 1208.673445
33501, 1197.001126, 2485.821371, 1292.247204, 1197.001126
33601, 1148.319096, 2492.262814, 1237.915916, 1148.319096
33701, 1091.655241, 2496.969136, 1172.769794, 1091.655241
33801, 1038.710452, 2500.691732, 1107.775193, 1038.710452
33901, 985.085665, 2503.298176, 1048.313407, 985.085665
34001, 917.876746, 2504.353196, 981.940032, 917.876746
34101, 832.686697, 2502.185375, 905.852526, 832.686697
34201, 780.646082, 2498.426349, 849.867228, 780.646082
34301, 752.366055, 2495.035840, 822.559467, 752.366055
34401, 703.214077, 2493.476233, 777.206352, 703.214077
34501, 657.319258, 2496.097978, 724.056818, 657.319258
34601, 609.954519, 2503.959827, 672.723130, 609.954519
34701, 592.854072, 2515.113680, 648.558651, 592.854072
34801, 583.748739, 2526.574963, 637.086146, 583.748739
34901, 567.530755, 2537.673257, 621.308860, 567.530755
35001, 567.136878, 2548.329588, 623.071548, 567.136878
35101, 580.201914, 2559.102669, 633.434902, 580.201914
35201, 607.333721, 2570.696764, 665.701757, 607.333721
35301, 639.884421, 2582.550051, 709.055569, 639.884421
35401, 683.085516, 2594.315667, 749.782019, 683.085516
35501, 694.470960, 2606.027189, 765.551590, 694.470960
35601, 693.639021, 2617.681362, 766.917346, 693.639021
35701, 695.294948, 2629.387764, 764.067279, 695.294948
35801, 705.590022, 2641.010550, 773.145475, 705.590022
35901, 695.028532, 2653.231005, 772.096949, 695.028532
36001, 636.322485, 2664.228412, 708.232194, 636.322485
36101, 561.771340, 2676.054749, 625.683293, 561.771340
36201, 496.804644, 2690.130354, 550.694630, 496.804644
36301, 453.286474, 2707.221118, 496.139365, 453.286474
36401, 407.501465, 2724.213903, 437.141231, 407.501465
36501, 370.421969, 2738.302172, 392.630268, 370.421969
36601, 344.955166, 2749.341312, 358.394425, 344.955166
36701, 330.805368, 2758.262326, 332.573957, 330.805368
36801, 306.441767, 2765.283400, 304.022038, 306.441767
36901, 284.818687, 2771.450068, 282.836679, 284.818687
37001, 273.811991, 2777.322846, 271.552270, 273.811991
37101, 257.603679, 2783.415714, 256.182202, 257.603679
37201, 246.614869, 2789.078853, 251.280296, 246.614869
37301, 233.794370, 2793.402883, 249.414495, 233.794370
37401, 227.171342, 2796.818806, 247.826395, 227.171342
37501, 224.838589, 2799.652357, 245.014507, 224.838589
37601, 223.770698, 2802.338748, 242.158206, 223.770698
37701, 217.640835, 2804.837163, 234.735788, 217.640835
37801, 214.700856, 2806.781168, 236.493653, 214.700856
37901, 197.122638, 2808.092998, 219.878765, 197.122638
38001, 187.375582, 2808.405177, 208.529945, 187.375582
38101, 167.949779, 2809.345230, 190.530986, 167.949779
38201, 144.380324, 2814.077174, 168.040844, 144.380324
38301, 119.180521, 2826.474355, 140.530366, 119.180521
38401, 101.910864, 2845.411882, 119.836045, 101.910864
38501, 85.781823, 2868.460022, 101.671529, 85.781823
38601, 70.253541, 2896.880711, 85.523859, 70.253541
38701, 53.347356, 2932.058719, 67.620814, 53.347356
38801, 44.540232, 2972.055923, 57.566655, 44.540232
38901, 35.007984, 3013.876144, 46.864026, 35.007984
39001, 31.554233, 3057.386746, 42.627807, 31.554233
39101, 34.339061, 3101.069849, 47.515890, 34.339061
39201, 38.634313, 3144.718559, 53.868290, 38.634313
39301, 48.977977, 3189.334380, 65.360145, 48.977977
39401, 64.035497, 3234.981503, 81.933350, 64.035497
39501, 84.553205, 3281.829033, 102.515959, 84.553205
39601, 115.202148, 3329.764540, 136.148045, 115.202148
39701, 144.203236, 3379.195589, 166.993327, 144.203236
39801, 170.049960, 3429.428393, 192.574245, 170.049960
39901, 189.516770, 3480.215857, 214.057977, 189.516770
40001, 192.159373, 3531.657868, 222.169851, 192.159373
40101, 199.153739, 3583.360097, 231.791015, 199.153739
40201, 208.553733, 3635.020702, 244.135354, 208.553734
40301, 218.511084, 3686.664146, 253.782904, 218.511084
40401, 217.212235, 3738.359460, 252.436527, 217.212235
40501, 210.552833, 3790.179081, 244.371989, 210.552833
40601, 180.513661, 3841.890017, 213.772213, 180.513662
40701, 159.157878, 3892.499863, 193.206538, 159.157878
40801, 146.820791, 3941.807169, 181.401193, 146.820791
40901, 139.626020, 3991.624851, 175.338694, 139.626020
41001, 143.187410, 4041.694445, 180.391313, 143.187410
41101, 150.781929, 4091.143341, 191.396365, 150.781929
41201, 171.162946, 4138.546619, 214.535445, 171.162946
41301, 191.711937, 4182.979385, 236.763273, 191.711937
41401, 214.460443, 4223.793459, 255.312839, 214.460443
41501, 238.513790, 4261.197573, 274.557200, 238.513790
41601, 254.053085, 4295.795561, 293.099475, 254.053085
41701, 256.935152, 4329.588846, 298.336671, 256.935152
41801, 258.863836, 4363.156343, 304.602013, 258.863836
41901, 249.825269, 4396.673748, 297.056890, 249.825269
42001, 252.288308, 4430.214413, 303.180671, 252.288308
42101, 240.893923, 4464.135521, 288.553884, 240.893923
42201, 218.315607, 4499.348330, 257.570244, 218.315607
42301, 207.532033, 4534.488932, 241.486197, 207.532033
42401, 194.916019, 4568.241218, 230.797889, 194.916019
42501, 181.555409, 4600.696436, 217.854826, 181.555409
42601, 166.741460, 4630.941673, 203.250749, 166.741460
42701, 155.611531, 4659.104556, 192.047775, 155.611531
42801, 135.093219, 4684.068534, 170.461702, 135.093219
42901, 115.125596, 4705.203016, 148.580844, 115.125596
43001, 102.226144, 4724.126387, 132.027572, 102.226144
43101, 86.255259, 4741.518187, 111.161153, 86.255259
43201, 66.184396, 4754.813880, 84.631868, 66.184396
43301, 51.920216, 4763.203570, 65.246240, 51.920216
43401, 44.463289, 4766.164385, 55.708272, 44.463289
43501, 37.447751, 4764.865946, 47.893296, 37.447751
43601, 27.699316, 4757.895624, 37.736344, 27.699316
43701, 14.372726, 4742.563441, 24.019625, 14.372726
43801, 6.954037, 4716.610053, 14.369714, 6.954037
43901, 1.698349, 4681.394460, 5.932656, 1.698349
44001, 0.499348, 4639.150820, 3.047420, 0.499348
44101, 0.001438, 4593.242259, 0.768329, 0.001438
44201, 0.626426, 4543.095431, 0.029561, 0.626426
44301, 0.962720, 4491.206161, 0.001495, 0.962720
44401, 1.529761, 4438.526638, 0.024877, 1.529761
44501, 1.117505, 4386.145221, 0.010059, 1.117505
44601, 1.135478, 4334.886463, 0.069717, 1.135478
44701, 2.666503, 4283.142065, 1.162238, 2.666503
44801, 4.165231, 4230.021654, 2.277297, 4.165231
44901, 5.741026, 4175.855028, 3.175044, 5.741026
45001, 11.068862, 4118.765738, 6.793490, 11.068862
45101, 19.007288, 4057.589290, 13.569485, 19.007288
45201, 31.011502, 3994.059499, 23.557673, 31.011502
45301, 41.579399, 3928.956386, 32.341534, 41.579399
45401, 48.236258, 3862.780808, 39.041535, 48.236258
45501, 47.343188, 3796.740394, 39.317477, 47.343188
45601, 44.610521, 3732.518663, 37.659481, 44.610521
45701, 44.221578, 3669.719959, 36.736901, 44.221579
45801, 38.147536, 3608.091880, 31.492391, 38.147536
45901, 28.903692, 3548.551171, 22.113771, 28.903692
46001, 18.681397, 3491.557867, 12.189249, 18.681397
46101, 10.133508, 3438.812717, 4.690854, 10.133508
46201, 4.918680, 3390.013910, 0.963385, 4.918680
46301, 2.107249, 3342.519725, 0.039300, 2.107249
46401, 0.135847, 3295.660261, 0.726850, 0.135847
46501, 0.137839, 3250.588315, 2.879538, 0.137839
46601, 1.400798, 3207.162566, 6.288709, 1.400798
46701, 2.634336, 3163.999375, 8.278469, 2.634336
46801, 2.594192, 3121.018873, 8.404791, 2.594192
46901, 2.683616, 3078.625712, 9.376631, 2.683616
47001, 2.919042, 3036.796554, 10.805930, 2.919042
47101, 2.916693, 2995.461554, 10.563788, 2.916693
47201, 2.778854, 2954.588656, 9.669301, 2.778854
47301, 2.560566, 2914.224137, 8.597688, 2.560566
47401, 2.080257, 2874.594230, 7.547779, 2.080257
47501, 2.378130, 2835.568473, 8.036218, 2.378130
47601, 3.425333, 2797.428060, 10.038148, 3.425333
47701, 4.362153, 2760.441667, 12.180848, 4.362153
47801, 4.231205, 2723.992649, 11.759788, 4.231205
47901, 3.972276, 2687.937440, 11.646918, 3.972275
48001, 5.011347, 2652.372368, 13.362741, 5.011347
48101, 4.978505, 2617.292619, 13.558375, 4.978505
48201, 5.097600, 2582.625186, 13.812991, 5.097600
48301, 5.579014, 2548.355393, 14.057776, 5.579014
48401, 7.265920, 2514.567829, 16.680891, 7.265920
48501, 10.810988, 2481.911964, 21.849239, 10.810988
48601, 12.185021, 2450.437799, 26.264370, 12.185021
48701, 15.542518, 2420.238617, 32.104909, 15.542518
48801, 17.828096, 2391.985138, 34.644750, 17.828096
48901, 12.144082, 2363.088861, 26.492571, 12.144082
49001, 5.875846, 2331.571662, 17.126919, 5.875846
49101, 1.633654, 2298.020270, 9.448982, 1.633654
49201, 0.035357, 2264.304550, 4.673201, 0.035357
49301, 0.258765, 2231.306344, 2.225437, 0.258765
49401, 0.497111, 2198.432275, 1.101240, 0.497111
49501, 0.505183, 2165.872398, 0.771862, 0.505183
49601, 0.416178, 2133.977300, 0.748189, 0.416178
49701, 1.237430, 2102.511600, 0.150591, 1.237430
49801, 1.970420, 2071.366955, 0.000202, 1.970420
49901, 2.548046, 2040.325623, 0.200929, 2.548046
