its, t_max, delta_t, its_eq, -, -, -, -
1000, 10, 0.010000, 0, 0, 0, 0, 0
E_kin [eV], E_pot [eV], E_tot [eV], <T> [K], T [K], <P> [MPa], P [MPa], a [Ã…]
21.091488, -637.070571, -615.979083, 637.386862, 637.386862, 1560.223178, 1560.223178, 4.030000
44.863515, -661.607001, -616.743486, 996.583362, 1355.779862, 1269.612044, 979.000910, 4.030000
44.500103, -660.139295, -615.639191, 1112.654756, 1344.797544, 1182.687847, 1008.839454, 4.030000
30.821557, -645.633952, -614.812395, 1067.348696, 931.430517, 1250.361172, 1453.381145, 4.030000
19.528979, -633.559091, -614.030112, 971.912495, 590.167688, 1367.714229, 1837.126456, 4.030000
20.725855, -635.309324, -614.583469, 914.316643, 626.337388, 1443.096999, 1820.010854, 4.030000
28.203569, -643.543727, -615.340158, 905.459218, 852.314664, 1462.839646, 1581.295527, 4.030000
30.636728, -646.075741, -615.439013, 908.007437, 925.844970, 1465.663211, 1485.428165, 4.030000
26.005242, -640.892649, -614.887408, 894.437831, 785.880983, 1483.745062, 1628.399871, 4.030000
21.508574, -636.037478, -614.528904, 869.993172, 649.991242, 1513.541731, 1781.711754, 4.030000
22.870156, -637.552052, -614.681896, 853.733645, 691.138377, 1534.558578, 1744.727047, 4.030000
28.588269, -643.600127, -615.011859, 854.584201, 863.940313, 1535.340249, 1543.938623, 4.030000
33.105067, -648.437558, -615.332491, 865.803755, 1000.438409, 1521.448471, 1354.747142, 4.030000
31.902413, -647.109904, -615.207491, 872.824494, 964.094094, 1509.122485, 1348.884667, 4.030000
26.883404, -641.677027, -614.793622, 868.797471, 812.419151, 1508.365013, 1497.760407, 4.030000
23.890017, -638.532713, -614.642696, 859.620046, 721.958681, 1516.222309, 1634.081749, 4.030000
25.634978, -640.435040, -614.800062, 854.624255, 774.691587, 1524.119042, 1650.466774, 4.030000
29.523220, -644.632460, -615.109240, 856.711498, 892.194637, 1526.443989, 1565.968085, 4.030000
30.937569, -646.132432, -615.194863, 860.828599, 934.936418, 1525.283077, 1504.386662, 4.030000
28.365739, -643.368666, -615.002927, 860.647941, 857.215438, 1525.714043, 1533.902389, 4.030000
24.978394, -639.622192, -614.643797, 855.609923, 754.849553, 1529.132497, 1597.501569, 4.030000
25.184531, -639.952016, -614.767485, 851.313064, 761.079029, 1532.630898, 1606.097330, 4.030000
27.707736, -642.791046, -615.083311, 850.705127, 837.330521, 1534.555407, 1576.894598, 4.030000
28.564072, -643.589083, -615.025011, 851.226126, 863.209107, 1536.190352, 1573.794098, 4.030000
27.754738, -642.660692, -614.905954, 850.727118, 838.750926, 1538.280758, 1588.450496, 4.030000
27.043180, -641.896544, -614.853364, 849.439444, 817.247596, 1540.552193, 1597.338070, 4.030000
27.514722, -642.334053, -614.819331, 848.774933, 831.497638, 1541.641426, 1569.961483, 4.030000
29.005180, -643.995969, -614.990790, 849.766521, 876.539405, 1540.945213, 1522.147457, 4.030000
29.429424, -644.423293, -614.993869, 851.131818, 889.360126, 1540.681389, 1533.294318, 4.030000
28.265466, -643.143250, -614.877783, 851.233598, 854.185203, 1542.326117, 1590.023230, 4.030000
26.840443, -641.699172, -614.858729, 849.939639, 811.120866, 1545.133304, 1629.348925, 4.030000
26.049528, -640.842735, -614.793207, 847.979629, 787.219331, 1548.199870, 1643.263405, 4.030000
26.603270, -641.423321, -614.820050, 846.645503, 803.953472, 1550.749612, 1632.341346, 4.030000
27.643875, -642.676598, -615.032723, 846.314772, 835.400645, 1552.411419, 1607.251072, 4.030000
27.291663, -642.152471, -614.860808, 845.698828, 824.756750, 1554.275661, 1617.659893, 4.030000
26.711156, -641.542705, -614.831548, 844.629800, 807.213800, 1556.244105, 1625.139643, 4.030000
26.891334, -641.725843, -614.834509, 843.765718, 812.658786, 1557.434037, 1600.271577, 4.030000
27.613441, -642.484828, -614.871386, 843.521382, 834.480938, 1558.134728, 1584.060300, 4.030000
28.321960, -643.261693, -614.939733, 843.838589, 855.892438, 1558.850419, 1586.046657, 4.030000
28.278475, -643.184170, -614.905695, 844.107082, 854.578321, 1560.202477, 1612.932741, 4.030000
27.809654, -642.667594, -614.857940, 844.016922, 840.410514, 1562.215421, 1642.733195, 4.030000
27.783795, -642.624518, -614.840723, 843.912449, 839.629047, 1563.984664, 1636.523637, 4.030000
28.203200, -643.125884, -614.922684, 844.107590, 852.303515, 1564.996565, 1607.496400, 4.030000
27.950287, -642.916459, -614.966171, 844.120155, 844.660461, 1566.191280, 1617.564024, 4.030000
26.526063, -641.352229, -614.826166, 843.175713, 801.620259, 1568.633991, 1676.113274, 4.030000
25.677418, -640.397192, -614.719775, 841.714808, 775.974116, 1571.623755, 1706.163127, 4.030000
26.561310, -641.426898, -614.865587, 840.884396, 802.685437, 1573.623978, 1665.634238, 4.030000
27.697718, -642.614786, -614.917068, 840.804050, 837.027775, 1574.377326, 1609.784695, 4.030000
27.863313, -642.810937, -614.947624, 840.829112, 842.032080, 1574.902557, 1600.113638, 4.030000
26.771355, -641.676853, -614.905498, 840.193189, 809.032993, 1576.369350, 1648.242211, 4.030000
25.533244, -640.278445, -614.745201, 838.848562, 771.617172, 1578.434936, 1681.714228, 4.030000
26.139501, -640.896539, -614.757038, 837.907980, 789.938315, 1579.847136, 1651.869358, 4.030000
28.521022, -643.387402, -614.866381, 838.360813, 861.908108, 1580.107533, 1593.648147, 4.030000
30.671774, -645.645465, -614.973692, 840.000502, 926.904045, 1579.266689, 1534.701988, 4.030000
30.807433, -645.768479, -614.961046, 841.655105, 931.003673, 1577.839707, 1500.782659, 4.030000
29.048796, -643.887699, -614.838903, 842.301576, 877.857495, 1576.953554, 1528.215117, 4.030000
27.134869, -641.912029, -614.777160, 841.910644, 820.018431, 1577.043653, 1582.089244, 4.030000
26.018440, -640.877603, -614.859163, 840.951492, 786.279839, 1577.795237, 1620.635526, 4.030000
25.231444, -640.062414, -614.830970, 839.621751, 762.496750, 1579.309490, 1667.136124, 4.030000
25.037324, -639.818210, -614.780886, 838.238562, 756.630403, 1581.329435, 1700.506205, 4.030000
25.873921, -640.720927, -614.847006, 837.315183, 781.912464, 1583.235604, 1697.605759, 4.030000
26.841229, -641.767498, -614.926269, 836.893077, 811.144594, 1584.554056, 1664.979628, 4.030000
27.362977, -642.127421, -614.764444, 836.734645, 826.911888, 1584.959353, 1610.087783, 4.030000
28.904857, -643.725003, -614.820145, 837.309224, 873.507657, 1584.057008, 1527.209242, 4.030000
30.489067, -645.572829, -615.083762, 838.602661, 921.382637, 1582.232216, 1465.445517, 4.030000
29.391616, -644.335888, -614.944271, 839.354402, 888.217567, 1580.836095, 1490.088257, 4.030000
27.041194, -641.786500, -614.745306, 839.023553, 817.187568, 1580.701184, 1571.797047, 4.030000
26.123687, -640.943321, -614.819635, 838.294684, 789.460405, 1581.486329, 1634.091015, 4.030000
26.339822, -641.225408, -614.885586, 837.681602, 795.992050, 1582.391416, 1643.937349, 4.030000
26.865619, -641.698842, -614.833223, 837.313032, 811.881687, 1582.822119, 1612.540643, 4.030000
27.930548, -642.803220, -614.872672, 837.408115, 844.063929, 1582.669579, 1571.991756, 4.030000
28.874409, -643.845370, -614.970961, 837.896718, 872.587516, 1582.403003, 1563.476150, 4.030000
28.314363, -643.283969, -614.969606, 838.140089, 855.662861, 1582.572770, 1594.795977, 4.030000
26.525317, -641.308390, -614.783073, 837.646273, 801.597707, 1583.029017, 1616.335038, 4.030000
25.918052, -640.645886, -614.727834, 836.920938, 783.246098, 1582.971403, 1578.707968, 4.030000
27.141901, -642.071962, -614.930061, 836.701333, 820.230956, 1582.190776, 1523.643729, 4.030000
27.894413, -642.869684, -614.975271, 836.782769, 842.971917, 1581.516731, 1530.289345, 4.030000
27.493509, -642.341851, -614.848342, 836.706792, 830.856565, 1581.326326, 1566.665128, 4.030000
27.388624, -642.221881, -614.833257, 836.592617, 827.686939, 1581.175063, 1569.376522, 4.030000
27.940278, -642.816002, -614.875724, 836.689683, 844.357964, 1580.803126, 1551.420161, 4.030000
28.635739, -643.509683, -614.873944, 837.043821, 865.374862, 1580.458159, 1552.860767, 4.030000
28.939490, -643.913536, -614.974046, 837.501266, 874.554260, 1580.281864, 1566.001983, 4.030000
27.913325, -642.809315, -614.895990, 837.574063, 843.543442, 1580.256289, 1578.159122, 4.030000
26.528503, -641.279223, -614.750720, 837.146919, 801.693991, 1580.150735, 1571.389779, 4.030000
26.439375, -641.255360, -614.815985, 836.698138, 799.000543, 1579.725760, 1544.027817, 4.030000
27.111812, -641.987322, -614.875511, 836.496086, 819.321637, 1579.173506, 1532.231910, 4.030000
27.630234, -642.519599, -614.889365, 836.478757, 834.988411, 1579.037850, 1567.371471, 4.030000
27.497574, -642.391338, -614.893763, 836.416264, 830.979429, 1579.616129, 1629.926402, 4.030000
26.997116, -641.776133, -614.779017, 836.185245, 815.855521, 1580.665848, 1673.041146, 4.030000
27.249926, -642.091534, -614.841607, 836.044247, 823.495483, 1581.543384, 1659.644078, 4.030000
27.867737, -642.733183, -614.865445, 836.111517, 842.165788, 1581.856960, 1610.078772, 4.030000
28.281002, -643.149836, -614.868834, 836.313073, 854.654702, 1581.732292, 1570.387519, 4.030000
28.220361, -643.139299, -614.918938, 836.490590, 852.822106, 1581.501682, 1560.285548, 4.030000
27.345765, -642.210655, -614.864890, 836.383155, 826.391726, 1581.645697, 1595.039127, 4.030000
26.534816, -641.303358, -614.768541, 836.020014, 801.884786, 1582.557256, 1668.243785, 4.030000
27.002297, -641.814957, -614.812660, 835.811599, 816.012103, 1583.754995, 1697.540227, 4.030000
28.081409, -643.008855, -614.927447, 835.943674, 848.622958, 1584.544744, 1660.360614, 4.030000
28.168624, -643.091738, -614.923114, 836.099949, 851.258618, 1584.767387, 1606.363746, 4.030000
27.077839, -641.911758, -614.833919, 835.920101, 818.294990, 1584.784522, 1586.463749, 4.030000
26.003696, -640.771281, -614.767585, 835.419243, 785.834272, 1584.953679, 1601.700197, 4.030000
26.024755, -640.782605, -614.757850, 834.934604, 786.470665, 1585.339537, 1623.925362, 4.030000
27.380139, -642.166177, -614.786038, 834.861034, 827.430527, 1585.751808, 1627.391156, 4.030000
29.096904, -644.060151, -614.963247, 835.292591, 879.311334, 1585.898929, 1600.905272, 4.030000
29.004404, -643.995175, -614.990770, 835.688969, 876.515982, 1586.063499, 1603.014236, 4.030000
27.072555, -641.843932, -614.771377, 835.521791, 818.135294, 1586.917060, 1675.687451, 4.030000
26.011439, -640.710100, -614.698662, 835.055249, 786.068265, 1588.469255, 1751.449671, 4.030000
27.030516, -641.865524, -614.835007, 834.885245, 816.864890, 1589.754374, 1725.977035, 4.030000
28.382857, -643.360722, -614.977864, 835.096797, 857.732768, 1590.243155, 1642.542645, 4.030000
28.240832, -643.138331, -614.897499, 835.265090, 853.440754, 1590.475481, 1615.566770, 4.030000
27.518793, -642.297832, -614.779039, 835.231959, 831.620657, 1590.990146, 1647.088598, 4.030000
27.657456, -642.513368, -614.855911, 835.237176, 835.811079, 1591.578151, 1656.258696, 4.030000
27.975226, -642.887850, -614.912624, 835.328041, 845.414104, 1591.979368, 1636.514481, 4.030000
27.434051, -642.289212, -614.855161, 835.272570, 829.059741, 1592.398248, 1639.312723, 4.030000
26.555852, -641.319390, -614.763538, 834.985271, 802.520482, 1593.132027, 1676.049115, 4.030000
26.201808, -641.038997, -614.837189, 834.609931, 791.821246, 1594.042391, 1697.823878, 4.030000
26.089934, -640.857954, -614.768020, 834.211918, 788.440408, 1594.923717, 1696.276245, 4.030000
26.775941, -641.520671, -614.744731, 833.997898, 809.171586, 1595.473910, 1659.296210, 4.030000
28.520299, -643.329444, -614.809145, 834.234240, 861.886274, 1595.196989, 1562.797280, 4.030000
30.006457, -644.961933, -614.955476, 834.844021, 906.798110, 1594.250176, 1482.526271, 4.030000
29.322965, -644.281301, -614.958336, 835.271511, 886.142907, 1593.522656, 1506.947749, 4.030000
26.608682, -641.394590, -614.785908, 835.014036, 804.117009, 1593.710572, 1616.260500, 4.030000
24.471882, -639.120564, -614.648682, 834.231484, 739.542713, 1594.782901, 1724.534646, 4.030000
24.912479, -639.632174, -614.719695, 833.569908, 752.857593, 1596.013399, 1746.134195, 4.030000
26.950813, -641.854210, -614.903397, 833.415766, 814.456252, 1596.801327, 1693.716447, 4.030000
28.319935, -643.223715, -614.903780, 833.595090, 855.831251, 1597.036067, 1626.143818, 4.030000
28.391814, -643.285902, -614.894088, 833.788807, 858.003434, 1596.920507, 1582.475590, 4.030000
27.489061, -642.315071, -614.826010, 833.764660, 830.722144, 1596.863668, 1589.701962, 4.030000
26.888205, -641.603897, -614.715691, 833.599031, 812.564239, 1596.945807, 1607.377372, 4.030000
27.831047, -642.631580, -614.800533, 833.656845, 841.057003, 1596.828662, 1581.834124, 4.030000
29.176611, -644.111799, -614.935188, 834.026562, 881.720093, 1596.545475, 1560.014440, 4.030000
28.978497, -643.900630, -614.922134, 834.344932, 875.733044, 1596.510672, 1591.986161, 4.030000
27.375779, -642.143056, -614.767277, 834.291552, 827.298757, 1596.939900, 1653.168879, 4.030000
26.370179, -641.092795, -614.722615, 834.010484, 796.909437, 1597.569645, 1680.695979, 4.030000
26.801400, -641.606698, -614.805298, 833.830860, 809.940954, 1597.910972, 1643.307382, 4.030000
27.666783, -642.550137, -614.883354, 833.847617, 836.092943, 1597.825770, 1586.408731, 4.030000
27.620948, -642.535868, -614.914920, 833.853941, 834.707776, 1597.645505, 1573.309688, 4.030000
26.594234, -641.346989, -614.752755, 833.633696, 803.680382, 1597.638476, 1596.682523, 4.030000
26.471981, -641.220463, -614.748482, 833.389872, 799.985900, 1597.634960, 1597.153356, 4.030000
27.313291, -642.234180, -614.920889, 833.332465, 825.410362, 1597.466407, 1574.206059, 4.030000
27.318275, -642.205090, -614.886815, 833.276955, 825.560978, 1597.297194, 1573.776605, 4.030000
26.709348, -641.476259, -614.766912, 833.091722, 807.159142, 1597.135494, 1574.497493, 4.030000
27.055965, -641.786946, -614.730981, 832.982864, 817.633946, 1596.810151, 1550.936756, 4.030000
28.525893, -643.428980, -614.903087, 833.186168, 862.055332, 1596.218901, 1512.261455, 4.030000
29.042013, -643.984211, -614.942198, 833.494962, 877.652524, 1595.609592, 1508.478335, 4.030000
28.163314, -642.957801, -614.794486, 833.616364, 851.098158, 1595.278756, 1547.638340, 4.030000
27.358729, -642.167219, -614.808490, 833.569563, 826.783506, 1595.097672, 1568.840575, 4.030000
27.154259, -641.920344, -614.766085, 833.481365, 820.604398, 1594.936536, 1571.410592, 4.030000
27.499975, -642.389428, -614.889453, 833.464950, 831.051967, 1594.880715, 1586.675102, 4.030000
27.209995, -642.097190, -614.887195, 833.389942, 822.288759, 1595.181811, 1639.744078, 4.030000
26.315576, -641.107463, -614.791887, 833.135738, 795.259311, 1595.890543, 1701.491619, 4.030000
26.199762, -640.954558, -614.754795, 832.861723, 791.759424, 1596.670604, 1713.679736, 4.030000
27.363777, -642.218542, -614.854765, 832.822738, 826.936070, 1597.090737, 1660.530787, 4.030000
28.739170, -643.633069, -614.893899, 833.055926, 868.500569, 1597.037522, 1588.948882, 4.030000
29.464376, -644.379388, -614.915012, 833.428397, 890.416353, 1596.672784, 1540.867845, 4.030000
29.121028, -644.038649, -614.917621, 833.729119, 880.040352, 1596.410429, 1556.007703, 4.030000
27.933081, -642.732938, -614.799856, 833.795859, 844.140491, 1596.543179, 1617.119427, 4.030000
27.299987, -642.065605, -614.765618, 833.739887, 825.008315, 1596.968286, 1663.285011, 4.030000
27.365552, -642.308492, -614.942940, 833.697164, 826.989684, 1597.394784, 1664.354953, 4.030000
26.610045, -641.426394, -614.816350, 833.511384, 804.158187, 1597.806199, 1662.809802, 4.030000
26.016528, -640.752514, -614.735987, 833.215826, 786.222054, 1598.072931, 1640.483259, 4.030000
26.741928, -641.548743, -614.806815, 833.060099, 808.143716, 1598.135254, 1608.107045, 4.030000
27.652813, -642.585748, -614.932934, 833.076214, 835.670765, 1598.091791, 1591.094120, 4.030000
27.334246, -642.215883, -614.881637, 833.033069, 826.043636, 1598.236344, 1621.654054, 4.030000
26.407926, -641.163647, -614.755721, 832.819759, 798.050147, 1598.722427, 1677.953814, 4.030000
26.503272, -641.265469, -614.762197, 832.626497, 800.931517, 1599.100294, 1661.070593, 4.030000
27.495474, -642.393639, -614.898165, 832.616192, 830.915954, 1599.065370, 1593.302807, 4.030000
27.726862, -642.611038, -614.884176, 832.647883, 837.908531, 1598.911070, 1573.297332, 4.030000
27.114744, -641.881981, -614.767237, 832.569088, 819.410268, 1598.900412, 1597.120479, 4.030000
27.079778, -641.823215, -614.743437, 832.484972, 818.353580, 1598.973841, 1611.310018, 4.030000
28.035983, -642.869766, -614.833783, 832.571826, 847.250186, 1598.952916, 1595.416544, 4.030000
28.812701, -643.720846, -614.908144, 832.794931, 870.722700, 1598.800518, 1572.892886, 4.030000
28.289684, -643.185792, -614.896108, 832.923548, 854.917057, 1598.698099, 1581.184464, 4.030000
26.771748, -641.556426, -614.784677, 832.785521, 809.044889, 1598.876052, 1629.483854, 4.030000
25.838746, -640.572251, -614.733505, 832.487038, 780.849483, 1599.270986, 1667.594614, 4.030000
26.282008, -641.085840, -614.803832, 832.268511, 794.244879, 1599.612192, 1658.982097, 4.030000
27.241698, -642.117520, -614.875822, 832.217252, 823.246828, 1599.733133, 1620.897684, 4.030000
27.800502, -642.649235, -614.848733, 832.261979, 840.133918, 1599.572609, 1571.320446, 4.030000
28.245257, -643.048998, -614.803742, 832.381712, 853.574458, 1599.129793, 1520.751400, 4.030000
28.905906, -643.778443, -614.872537, 832.611643, 873.539358, 1598.464879, 1480.110094, 4.030000
29.014928, -643.910154, -614.895225, 832.857323, 876.834019, 1597.841289, 1486.218833, 4.030000
28.040686, -642.909327, -614.868642, 832.937626, 847.392305, 1597.639557, 1561.327719, 4.030000
26.643391, -641.406339, -614.762947, 832.785035, 805.165930, 1597.989205, 1661.275507, 4.030000
26.284249, -641.029025, -614.744776, 832.574803, 794.312611, 1598.493715, 1690.314587, 4.030000
27.319486, -642.154893, -614.835407, 832.536883, 825.597578, 1598.718345, 1639.825623, 4.030000
28.302089, -643.282993, -614.980903, 832.659883, 855.291954, 1598.680505, 1591.717929, 4.030000
27.566638, -642.473316, -614.906678, 832.662070, 833.066528, 1598.706682, 1603.549366, 4.030000
26.249009, -640.985384, -614.736374, 832.451298, 793.247670, 1598.898272, 1634.534022, 4.030000
26.383375, -641.201927, -614.818552, 832.264366, 797.308199, 1598.941573, 1607.038849, 4.030000
27.079075, -642.023029, -614.943954, 832.190652, 818.332323, 1598.786709, 1569.672339, 4.030000
26.857132, -641.705663, -614.848530, 832.082412, 811.625204, 1598.744088, 1590.688734, 4.030000
26.758266, -641.499310, -614.741043, 831.959664, 808.637466, 1598.921852, 1632.696942, 4.030000
27.864384, -642.728141, -614.863756, 832.012293, 842.064464, 1599.050629, 1623.647000, 4.030000
28.778486, -643.707272, -614.928786, 832.207508, 869.688691, 1598.978656, 1585.159826, 4.030000
28.581166, -643.416222, -614.835055, 832.369973, 863.725689, 1598.753557, 1555.309508, 4.030000
28.198608, -643.003253, -614.804645, 832.471484, 852.164739, 1598.459165, 1541.347116, 4.030000
28.261817, -643.070647, -614.808831, 832.581706, 854.074905, 1598.145392, 1536.959745, 4.030000
28.578694, -643.445260, -614.866566, 832.739418, 863.650962, 1597.836506, 1537.294719, 4.030000
28.454370, -643.310474, -614.856104, 832.876561, 859.893888, 1597.630710, 1557.088929, 4.030000
27.934337, -642.746958, -614.812622, 832.933355, 844.178430, 1597.599666, 1591.453035, 4.030000
27.317268, -642.195977, -614.878709, 832.896341, 825.530542, 1597.743252, 1626.316747, 4.030000
26.148883, -640.984747, -614.835864, 832.684030, 790.221833, 1598.072540, 1663.930114, 4.030000
25.130856, -639.865028, -614.734172, 832.321520, 759.456965, 1598.508578, 1686.152294, 4.030000
25.569843, -640.329457, -614.759614, 832.027932, 772.723180, 1598.865824, 1671.029599, 4.030000
27.097566, -641.987486, -614.889920, 831.963536, 818.891150, 1598.981901, 1622.545418, 4.030000
28.003894, -642.925999, -614.922105, 832.033374, 846.280451, 1598.886559, 1579.436870, 4.030000
27.824385, -642.644498, -614.820113, 832.076201, 840.855692, 1598.671382, 1554.560113, 4.030000
27.651935, -642.469750, -614.817815, 832.093438, 835.644217, 1598.458992, 1554.706622, 4.030000
27.806930, -642.673217, -614.866286, 832.133028, 840.328190, 1598.302522, 1565.913127, 4.030000
27.741817, -642.653634, -614.911817, 832.162824, 838.360469, 1598.185373, 1573.818419, 4.030000
27.197939, -642.036383, -614.838445, 832.114070, 821.924406, 1598.184662, 1598.036050, 4.030000
26.752745, -641.612527, -614.859783, 832.002016, 808.470597, 1598.322130, 1627.190552, 4.030000
26.567365, -641.389769, -614.822404, 831.864593, 802.868399, 1598.518650, 1639.984194, 4.030000
27.013604, -641.812465, -614.798860, 831.791772, 816.353805, 1598.660656, 1628.765982, 4.030000
28.139157, -643.000787, -614.861630, 831.878578, 850.368110, 1598.655097, 1597.471047, 4.030000
28.813675, -643.747449, -614.933774, 832.059385, 870.752117, 1598.531856, 1572.158266, 4.030000
28.110500, -642.975396, -614.864896, 832.140138, 849.502087, 1598.488383, 1589.141750, 4.030000
26.832272, -641.650168, -614.817896, 832.042137, 810.873933, 1598.686088, 1641.390378, 4.030000
26.281741, -641.017841, -614.736100, 831.868718, 794.236811, 1599.100478, 1689.023080, 4.030000
27.472576, -642.290390, -614.817814, 831.861208, 830.223964, 1599.402206, 1665.178830, 4.030000
29.292370, -644.262252, -614.969881, 832.103740, 885.218339, 1599.251383, 1566.221248, 4.030000
29.632307, -644.574718, -614.942411, 832.390562, 895.491248, 1598.735070, 1485.146069, 4.030000
28.428093, -643.295328, -614.867235, 832.510873, 859.099795, 1598.252619, 1491.631094, 4.030000
26.775607, -641.590924, -614.815317, 832.406168, 809.161499, 1598.121256, 1568.958602, 4.030000
26.003185, -640.690025, -614.686840, 832.198189, 785.818824, 1598.330135, 1644.910153, 4.030000
27.336949, -642.173075, -614.836126, 832.171198, 826.125319, 1598.463465, 1628.329473, 4.030000
28.930986, -643.951560, -615.020573, 832.357597, 874.297281, 1598.299095, 1561.315869, 4.030000
28.603546, -643.465417, -614.861871, 832.498761, 864.402010, 1598.044645, 1540.538818, 4.030000
27.678224, -642.483982, -614.805759, 832.516042, 836.438663, 1597.961718, 1579.137285, 4.030000
27.025823, -641.918189, -614.892366, 832.447077, 816.723040, 1598.144246, 1639.760728, 4.030000
26.220912, -641.002093, -614.781180, 832.272953, 792.398575, 1598.480040, 1675.376762, 4.030000
26.285776, -641.056400, -614.770624, 832.108822, 794.358772, 1598.792974, 1670.767736, 4.030000
27.248152, -642.170380, -614.922228, 832.071464, 823.441868, 1599.021276, 1651.759235, 4.030000
27.338169, -642.268462, -614.930292, 832.046103, 826.162192, 1599.194217, 1639.316507, 4.030000
26.502609, -641.271136, -614.768527, 831.913049, 800.911472, 1599.293373, 1622.396698, 4.030000
26.564846, -641.331497, -614.766651, 831.789131, 802.792292, 1599.242677, 1587.379848, 4.030000
27.555803, -642.471970, -614.916167, 831.793156, 832.739108, 1599.140106, 1575.035955, 4.030000
27.725970, -642.669526, -614.943556, 831.818846, 837.881570, 1599.199429, 1613.199643, 4.030000
26.689930, -641.534073, -614.844143, 831.712768, 806.572332, 1599.513950, 1674.055302, 4.030000
25.923717, -640.659406, -614.735689, 831.510695, 783.417303, 1599.909745, 1694.108935, 4.030000
26.799358, -641.588206, -614.788848, 831.420564, 809.879268, 1600.045927, 1632.593442, 4.030000
28.669625, -643.572017, -614.902393, 831.565702, 866.398901, 1599.690770, 1514.453102, 4.030000
30.030940, -644.957029, -614.926090, 831.879637, 907.537976, 1598.962097, 1423.351997, 4.030000
30.179923, -645.126763, -614.946840, 832.209516, 912.040255, 1598.213296, 1417.003476, 4.030000
29.011344, -643.882498, -614.871153, 832.391960, 876.725700, 1597.777577, 1491.897807, 4.030000
27.453386, -642.279241, -614.825855, 832.380744, 829.644057, 1597.739209, 1588.377369, 4.030000
26.225511, -641.044338, -614.818827, 832.218779, 792.537547, 1597.962512, 1652.671708, 4.030000
25.546080, -640.340118, -614.794038, 831.974999, 772.005063, 1598.342172, 1691.738626, 4.030000
25.704868, -640.485719, -614.780851, 831.752534, 776.803656, 1598.765478, 1703.322114, 4.030000
26.521687, -641.375025, -614.853337, 831.630990, 801.488026, 1599.049551, 1669.499567, 4.030000
27.164625, -642.006478, -614.841853, 831.588137, 820.917665, 1599.115193, 1615.460128, 4.030000
27.475502, -642.298103, -614.822602, 831.583054, 830.312389, 1598.973043, 1563.435501, 4.030000
27.627464, -642.452766, -614.825303, 831.596235, 834.904692, 1598.666248, 1521.660616, 4.030000
27.670525, -642.473907, -614.803381, 831.614456, 836.206025, 1598.264635, 1497.058115, 4.030000
27.862269, -642.708781, -614.846512, 831.655346, 842.000534, 1597.898487, 1505.263126, 4.030000
27.833122, -642.736050, -614.902928, 831.692461, 841.119696, 1597.662975, 1537.842811, 4.030000
27.307053, -642.089978, -614.782925, 831.667185, 825.221863, 1597.573403, 1574.732572, 4.030000
27.498256, -642.271204, -614.772948, 831.664589, 831.000015, 1597.489073, 1575.900738, 4.030000
28.304715, -643.245363, -614.940648, 831.756475, 855.371286, 1597.278850, 1543.251376, 4.030000
28.120017, -642.972129, -614.852112, 831.826102, 849.789701, 1597.004246, 1526.156502, 4.030000
27.506893, -642.338747, -614.831854, 831.823928, 831.261039, 1596.790056, 1541.314957, 4.030000
26.836661, -641.753366, -614.916705, 831.744168, 811.006556, 1596.786147, 1595.769701, 4.030000
25.445495, -640.291629, -614.846134, 831.504555, 768.965378, 1597.092608, 1677.079000, 4.030000
24.524770, -639.182802, -614.658032, 831.160967, 741.140988, 1597.490867, 1701.834556, 4.030000
26.192501, -640.923052, -614.730551, 831.010887, 791.539987, 1597.614574, 1630.149552, 4.030000
29.342855, -644.318541, -614.975685, 831.221201, 886.743999, 1597.311988, 1517.429345, 4.030000
30.851125, -645.812416, -614.961291, 831.601287, 932.324067, 1596.789777, 1458.403965, 4.030000
30.177701, -645.043436, -614.865735, 831.902305, 911.973127, 1596.341670, 1477.145065, 4.030000
28.595813, -643.427589, -614.831776, 832.022701, 864.168314, 1596.058660, 1520.495052, 4.030000
26.937049, -641.797614, -614.860564, 831.955852, 814.040306, 1595.921058, 1559.043703, 4.030000
25.603352, -640.351312, -614.747960, 831.740222, 773.735828, 1595.942255, 1601.644363, 4.030000
25.720798, -640.507391, -614.786593, 831.539280, 777.285068, 1595.991070, 1609.170945, 4.030000
26.876347, -641.796180, -614.919833, 831.468202, 812.205870, 1595.983986, 1594.064227, 4.030000
27.370998, -642.301707, -614.930710, 831.452400, 827.154262, 1595.988235, 1597.143945, 4.030000
27.232499, -642.002687, -614.770188, 831.421438, 822.968809, 1596.018932, 1604.399345, 4.030000
27.976836, -642.803342, -614.826506, 831.472497, 845.462769, 1595.965609, 1581.355066, 4.030000
28.929217, -643.916318, -614.987101, 831.627466, 874.243805, 1595.871073, 1569.873583, 4.030000
28.332735, -643.246071, -614.913336, 831.716240, 856.218066, 1595.828175, 1583.988407, 4.030000
27.114949, -641.877858, -614.762909, 831.671996, 819.416452, 1595.718229, 1565.263292, 4.030000
26.998190, -641.851511, -614.853320, 831.615423, 815.887995, 1595.453640, 1521.897753, 4.030000
27.329655, -642.240546, -614.910891, 831.595028, 825.904891, 1595.181807, 1519.340482, 4.030000
27.295863, -642.166838, -614.870975, 831.571144, 824.883687, 1595.049105, 1557.892591, 4.030000
27.280303, -642.103406, -614.823103, 831.545763, 824.413460, 1595.066452, 1599.940980, 4.030000
27.668634, -642.534998, -614.866364, 831.562028, 836.148863, 1595.103691, 1605.604942, 4.030000
28.025027, -642.899420, -614.874393, 831.616102, 846.919095, 1595.049921, 1579.832954, 4.030000
28.092680, -642.953631, -614.860952, 831.676970, 848.963565, 1594.931063, 1561.175537, 4.030000
27.788354, -642.665951, -614.877598, 831.705257, 839.766806, 1594.816704, 1562.224255, 4.030000
27.143218, -641.943907, -614.800689, 831.665415, 820.270737, 1594.717041, 1566.213514, 4.030000
26.781038, -641.629662, -614.848624, 831.587846, 809.325622, 1594.609885, 1563.855996, 4.030000
26.584597, -641.412215, -614.827618, 831.490273, 803.389161, 1594.582294, 1586.636133, 4.030000
26.880113, -641.657203, -614.777091, 831.424168, 812.319674, 1594.646417, 1613.178020, 4.030000
27.919190, -642.822519, -614.903330, 831.466424, 843.720687, 1594.639740, 1592.703447, 4.030000
28.326307, -643.249033, -614.922726, 831.550524, 856.023804, 1594.510046, 1556.768962, 4.030000
27.718974, -642.552926, -614.833952, 831.571410, 837.670152, 1594.361861, 1551.092054, 4.030000
27.200263, -641.995857, -614.795594, 831.538836, 821.994642, 1594.265387, 1565.998323, 4.030000
27.295768, -642.126138, -614.830369, 831.516267, 824.880828, 1594.215777, 1579.630482, 4.030000
27.676866, -642.524186, -614.847320, 831.532758, 836.397650, 1594.179068, 1583.349852, 4.030000
27.832327, -642.732007, -614.899680, 831.564956, 841.095686, 1594.099090, 1570.425536, 4.030000
27.368300, -642.214099, -614.845798, 831.549882, 827.072757, 1593.987610, 1560.878086, 4.030000
26.901816, -641.705897, -614.804081, 831.487760, 812.975554, 1593.920549, 1573.936449, 4.030000
27.138143, -641.955755, -614.817612, 831.449859, 820.117371, 1593.907295, 1589.944325, 4.030000
27.861496, -642.739925, -614.878429, 831.484834, 841.977171, 1593.874425, 1584.013569, 4.030000
28.304304, -643.199940, -614.895636, 831.563887, 855.358885, 1593.789417, 1568.201828, 4.030000
28.000518, -642.904836, -614.904317, 831.612120, 846.178442, 1593.750937, 1582.130080, 4.030000
26.872495, -641.731136, -614.858641, 831.547900, 812.089452, 1593.832534, 1618.556401, 4.030000
25.702535, -640.468433, -614.765898, 831.368180, 776.733156, 1594.016589, 1649.969304, 4.030000
25.673265, -640.450440, -614.777175, 831.186743, 775.848631, 1594.219718, 1656.174141, 4.030000
26.770145, -641.623671, -614.853525, 831.114462, 808.996451, 1594.344995, 1632.679683, 4.030000
27.902588, -642.806604, -614.904016, 831.153763, 843.218964, 1594.446974, 1625.754592, 4.030000
28.208564, -643.115390, -614.906826, 831.222733, 852.465616, 1594.587656, 1637.917602, 4.030000
27.748216, -642.591071, -614.842855, 831.246382, 838.553841, 1594.710457, 1632.656077, 4.030000
27.647008, -642.382045, -614.735036, 831.260044, 835.495339, 1594.718617, 1597.248219, 4.030000
28.926913, -643.796444, -614.869531, 831.397589, 874.174188, 1594.590046, 1554.604488, 4.030000
29.818028, -644.853828, -615.035800, 831.620293, 901.103774, 1594.449697, 1550.660880, 4.030000
28.604672, -643.444527, -614.839855, 831.724801, 864.436019, 1594.449814, 1594.486282, 4.030000
27.283160, -642.031935, -614.748776, 831.701865, 824.499796, 1594.628195, 1650.639789, 4.030000
27.308085, -642.177342, -614.869257, 831.681457, 825.253053, 1594.801257, 1649.315830, 4.030000
27.218347, -642.193226, -614.974879, 831.652623, 822.541154, 1594.813588, 1598.710321, 4.030000
26.095368, -640.865329, -614.769961, 831.517252, 788.604614, 1594.738149, 1570.823806, 4.030000
26.212101, -640.895407, -614.683306, 831.393789, 792.132301, 1594.626023, 1558.970024, 4.030000
28.327983, -643.260401, -614.932418, 831.470916, 856.074454, 1594.468104, 1544.091981, 4.030000
29.672125, -644.640093, -614.967968, 831.674105, 896.694565, 1594.295868, 1539.180158, 4.030000
29.242422, -644.103508, -614.861086, 831.835703, 883.708903, 1594.211047, 1566.983684, 4.030000
28.135326, -642.978742, -614.843416, 831.892721, 850.252342, 1594.270812, 1613.515211, 4.030000
26.844890, -641.671860, -614.826971, 831.829025, 811.255226, 1594.417111, 1641.671648, 4.030000
25.644179, -640.418586, -614.774407, 831.654073, 774.969635, 1594.599768, 1653.780699, 4.030000
25.120380, -639.880939, -614.760560, 831.431638, 759.140373, 1594.814254, 1664.522227, 4.030000
25.451498, -640.256255, -614.804757, 831.241165, 769.146790, 1595.018844, 1661.715085, 4.030000
25.903364, -640.796543, -614.893179, 831.093485, 782.802224, 1595.216080, 1659.712058, 4.030000
25.681453, -640.490511, -614.809058, 830.926320, 776.096074, 1595.506954, 1690.913726, 4.030000
25.775818, -640.480500, -614.704682, 830.768809, 778.947778, 1595.866383, 1714.118415, 4.030000
27.168806, -641.997493, -614.828687, 830.739429, 821.044012, 1596.181611, 1700.207087, 4.030000
28.343306, -643.270813, -614.927506, 830.817134, 856.537532, 1596.435666, 1680.527789, 4.030000
28.195850, -643.006344, -614.810494, 830.880991, 852.081385, 1596.692673, 1682.019120, 4.030000
27.858889, -642.635872, -614.776983, 830.913977, 841.898377, 1596.968737, 1688.897826, 4.030000
28.097363, -642.898222, -614.800858, 830.968279, 849.105103, 1597.195731, 1673.011965, 4.030000
28.582614, -643.441323, -614.858710, 831.065901, 863.769421, 1597.269818, 1622.088746, 4.030000
28.771055, -643.647201, -614.876146, 831.179842, 869.464152, 1597.200032, 1573.752027, 4.030000
28.313013, -643.244313, -614.931301, 831.252157, 855.622049, 1597.091984, 1560.679946, 4.030000
27.182138, -641.954108, -614.771970, 831.223233, 821.446897, 1597.058451, 1585.724112, 4.030000
27.113874, -641.858695, -614.744821, 831.188411, 819.383961, 1597.048762, 1593.764119, 4.030000
28.415774, -643.330952, -614.915179, 831.269171, 858.727499, 1596.948106, 1562.725214, 4.030000
29.179569, -644.120188, -614.940619, 831.416950, 881.809458, 1596.796119, 1544.968468, 4.030000
28.625836, -643.536648, -614.910812, 831.515080, 865.075609, 1596.713660, 1568.512806, 4.030000
27.281397, -642.101845, -614.820448, 831.494532, 824.446533, 1596.778057, 1618.866008, 4.030000
26.277114, -641.070080, -614.792966, 831.386133, 794.097002, 1596.941797, 1653.268555, 4.030000
26.077328, -640.901140, -614.823811, 831.260911, 788.059451, 1597.166160, 1674.571191, 4.030000
26.644734, -641.431783, -614.787049, 831.185827, 805.206505, 1597.378726, 1670.926675, 4.030000
27.821678, -642.745233, -614.923554, 831.213379, 840.773879, 1597.500642, 1639.805643, 4.030000
27.942321, -642.918795, -614.976474, 831.251219, 844.419711, 1597.601159, 1632.580903, 4.030000
26.403186, -641.202193, -614.799007, 831.155950, 797.906898, 1597.813120, 1671.787405, 4.030000
25.442697, -640.128841, -614.686144, 830.978528, 768.880834, 1598.112924, 1703.044618, 4.030000
26.419395, -641.292814, -614.873419, 830.885966, 798.396753, 1598.358803, 1684.662247, 4.030000
27.319960, -642.297125, -614.977165, 830.871025, 825.611901, 1598.545391, 1664.224407, 4.030000
26.923224, -641.744805, -614.821581, 830.822300, 813.622512, 1598.739846, 1667.382378, 4.030000
26.902628, -641.693643, -614.791014, 830.772097, 813.000102, 1598.869518, 1644.773224, 4.030000
27.915284, -642.790455, -614.875171, 830.808138, 843.602644, 1598.822449, 1582.113287, 4.030000
28.765708, -643.728340, -614.962632, 830.915965, 869.302536, 1598.599764, 1519.323826, 4.030000
28.440207, -643.326051, -614.885844, 830.995714, 859.465869, 1598.351204, 1509.615036, 4.030000
27.847046, -642.631760, -614.784714, 831.025086, 841.540494, 1598.232106, 1555.595078, 4.030000
28.062775, -642.953146, -614.890371, 831.072405, 848.059843, 1598.247532, 1603.785381, 4.030000
28.365375, -643.257947, -614.892572, 831.144793, 857.204445, 1598.268309, 1605.748218, 4.030000
28.353824, -643.258816, -614.904993, 831.215817, 856.855363, 1598.172914, 1563.735440, 4.030000
28.045213, -642.930907, -614.885695, 831.260757, 847.529117, 1598.029083, 1545.962115, 4.030000
27.638610, -642.510321, -614.871711, 831.271693, 835.241531, 1597.980803, 1580.455314, 4.030000
27.513294, -642.311844, -614.798551, 831.272194, 831.454461, 1598.061629, 1627.482047, 4.030000
28.214139, -643.050709, -614.836570, 831.330560, 852.634081, 1598.178559, 1640.858198, 4.030000
29.066672, -644.007822, -614.941150, 831.458808, 878.397705, 1598.262318, 1628.917980, 4.030000
28.581001, -643.551287, -614.970286, 831.546476, 863.720682, 1598.342978, 1627.945180, 4.030000
26.740459, -641.533156, -614.792698, 831.482934, 808.099312, 1598.500527, 1656.478794, 4.030000
25.796986, -640.530789, -614.733803, 831.342676, 779.587476, 1598.672334, 1662.069106, 4.030000
26.463570, -641.344304, -614.880733, 831.257471, 799.731724, 1598.790639, 1642.563233, 4.030000
27.029522, -641.911352, -614.881830, 831.218701, 816.834838, 1598.865905, 1626.789681, 4.030000
27.106561, -641.936561, -614.830000, 831.186380, 819.162977, 1598.894776, 1609.634722, 4.030000
27.179140, -642.028426, -614.849286, 831.160096, 821.356308, 1598.864621, 1587.616975, 4.030000
27.079927, -641.949474, -614.869547, 831.125957, 818.358077, 1598.803526, 1575.953770, 4.030000
26.551774, -641.409374, -614.857600, 831.049551, 802.397255, 1598.772038, 1586.964097, 4.030000
25.901053, -640.699860, -614.798807, 830.921389, 782.732397, 1598.867170, 1634.636791, 4.030000
25.836193, -640.634641, -614.798448, 830.788719, 780.772310, 1599.096051, 1685.384152, 4.030000
26.620516, -641.421651, -614.801136, 830.719289, 804.474627, 1599.326313, 1686.365598, 4.030000
27.993337, -642.885295, -614.891958, 830.759400, 845.961427, 1599.389852, 1623.470884, 4.030000
28.730799, -643.676282, -614.945483, 830.857794, 868.247588, 1599.299247, 1564.869375, 4.030000
28.295122, -643.131680, -614.836557, 830.921207, 855.081409, 1599.204733, 1563.194931, 4.030000
27.975272, -642.758567, -614.783295, 830.959051, 845.415510, 1599.138558, 1573.859640, 4.030000
28.617244, -643.498010, -614.880766, 831.047220, 864.815959, 1599.000446, 1546.103688, 4.030000
29.237983, -644.146219, -614.908236, 831.183655, 883.574744, 1598.738110, 1498.001083, 4.030000
29.206035, -644.088295, -614.882259, 831.316882, 882.609289, 1598.432275, 1480.685988, 4.030000
28.679598, -643.560847, -614.881249, 831.408312, 866.700300, 1598.142224, 1486.182224, 4.030000
27.799533, -642.643837, -614.844304, 831.430725, 840.104641, 1597.932594, 1516.805952, 4.030000
27.057961, -641.868137, -614.810176, 831.395413, 817.694262, 1597.808198, 1549.542558, 4.030000
26.908682, -641.750235, -614.841554, 831.348715, 813.183028, 1597.685844, 1550.090009, 4.030000
27.000056, -641.892805, -614.892749, 831.309317, 815.944373, 1597.615130, 1570.036750, 4.030000
26.834483, -641.662170, -614.827686, 831.257357, 810.940750, 1597.706306, 1633.356006, 4.030000
26.959450, -641.773408, -614.813958, 831.215270, 814.717265, 1597.884915, 1667.899750, 4.030000
27.481891, -642.366698, -614.884808, 831.213468, 830.505469, 1597.969075, 1631.043980, 4.030000
27.642472, -642.537405, -614.894933, 831.223961, 835.358240, 1597.961692, 1595.052922, 4.030000
27.394051, -642.224961, -614.830911, 831.215444, 827.850930, 1597.925380, 1583.581996, 4.030000
27.342447, -642.207378, -614.864931, 831.203041, 826.291467, 1597.845396, 1566.171895, 4.030000
27.322438, -642.220179, -614.897741, 831.189181, 825.686784, 1597.807865, 1582.907744, 4.030000
26.863425, -641.769152, -614.905726, 831.140625, 811.815382, 1597.890050, 1630.599993, 4.030000
26.178008, -640.986300, -614.808293, 831.040528, 791.101986, 1598.026018, 1652.277047, 4.030000
26.409732, -641.234686, -614.824954, 830.958394, 798.104708, 1598.163574, 1653.186141, 4.030000
27.551442, -642.448350, -614.896907, 830.962496, 832.607327, 1598.298412, 1652.368405, 4.030000
28.544388, -643.457425, -614.913037, 831.041036, 862.614238, 1598.408661, 1642.728489, 4.030000
29.121089, -643.955361, -614.834272, 831.162326, 880.042190, 1598.474531, 1625.020140, 4.030000
29.484361, -644.437828, -614.953466, 831.310124, 891.020327, 1598.451181, 1589.018086, 4.030000
28.491271, -643.446947, -614.955676, 831.383274, 861.009029, 1598.434091, 1591.512602, 4.030000
26.553635, -641.293475, -614.739840, 831.312193, 802.453484, 1598.529129, 1637.114348, 4.030000
26.185141, -640.921100, -614.735959, 831.214167, 791.317549, 1598.647435, 1646.798293, 4.030000
27.688158, -642.563847, -614.875688, 831.227675, 836.738893, 1598.688313, 1615.366182, 4.030000
29.192630, -644.175590, -614.982961, 831.352008, 882.204171, 1598.644593, 1580.763332, 4.030000
29.012480, -643.988158, -614.975678, 831.462490, 876.760012, 1598.596274, 1578.785414, 4.030000
27.419025, -642.239783, -614.820758, 831.455556, 828.605647, 1598.645186, 1618.747943, 4.030000
26.381945, -641.150453, -614.768508, 831.372770, 797.265002, 1598.789406, 1658.207997, 4.030000
26.917313, -641.742120, -614.824807, 831.329463, 813.443874, 1598.923329, 1654.233484, 4.030000
28.116204, -643.049900, -614.933696, 831.373668, 849.674475, 1598.922905, 1598.747647, 4.030000
28.453468, -643.406208, -614.952740, 831.442161, 859.866631, 1598.831779, 1561.014384, 4.030000
27.553175, -642.452525, -614.899350, 831.445081, 832.659693, 1598.786714, 1580.039514, 4.030000
26.308848, -641.103632, -614.794784, 831.358025, 795.056002, 1598.820310, 1612.829924, 4.030000
26.024665, -640.812202, -614.787537, 831.250889, 786.467954, 1598.817837, 1597.784383, 4.030000
26.921958, -641.761515, -614.839557, 831.208826, 813.584249, 1598.722633, 1558.832066, 4.030000
27.941891, -642.902806, -614.960915, 831.240175, 844.406720, 1598.592571, 1543.966475, 4.030000
27.892863, -642.765628, -614.872766, 831.267864, 842.925082, 1598.540878, 1576.778075, 4.030000
27.683144, -642.482756, -614.799613, 831.280440, 836.587351, 1598.564051, 1608.343292, 4.030000
27.953526, -642.889601, -614.936075, 831.312227, 844.758320, 1598.583172, 1606.671075, 4.030000
27.440945, -642.350001, -614.909056, 831.307417, 829.268068, 1598.633217, 1619.852221, 4.030000
26.718802, -641.435734, -614.716932, 831.251402, 807.444841, 1598.716145, 1633.960594, 4.030000
27.621920, -642.549440, -614.927520, 831.259565, 834.737162, 1598.717464, 1599.279546, 4.030000
28.149291, -643.203783, -615.054491, 831.304927, 850.674380, 1598.612115, 1553.628178, 4.030000
27.099108, -641.868064, -614.768955, 831.276099, 818.937740, 1598.449497, 1528.848731, 4.030000
27.075155, -641.870508, -614.795352, 831.245722, 818.213882, 1598.193548, 1488.391336, 4.030000
28.248074, -643.150830, -614.902756, 831.297726, 853.659604, 1597.895309, 1469.652813, 4.030000
29.071473, -643.994196, -614.922723, 831.407090, 878.542810, 1597.649895, 1491.876393, 4.030000
28.963418, -643.873527, -614.910109, 831.508407, 875.277363, 1597.476220, 1522.448730, 4.030000
28.085820, -642.951837, -614.866017, 831.548148, 848.756282, 1597.392124, 1560.978605, 4.030000
27.125895, -641.935446, -614.809551, 831.521020, 819.747240, 1597.391838, 1597.267463, 4.030000
26.995507, -641.802834, -614.807327, 831.484978, 815.806906, 1597.382984, 1593.531341, 4.030000
27.655821, -642.540380, -614.884559, 831.494765, 835.761651, 1597.310743, 1565.813687, 4.030000
28.133080, -643.048306, -614.915226, 831.537435, 850.184470, 1597.215080, 1555.410494, 4.030000
27.659150, -642.593880, -614.934730, 831.547287, 835.862256, 1597.136948, 1562.915044, 4.030000
26.309097, -641.094021, -614.784924, 831.464369, 795.063518, 1597.134263, 1595.955894, 4.030000
25.969871, -640.654689, -614.684818, 831.358582, 784.812077, 1597.180812, 1617.662039, 4.030000
27.503270, -642.388443, -614.885173, 831.358113, 831.151545, 1597.176665, 1595.348155, 4.030000
28.575845, -643.538980, -614.963135, 831.430815, 863.564882, 1597.163506, 1591.346881, 4.030000
27.859822, -642.707309, -614.847487, 831.454454, 841.926587, 1597.229134, 1626.302703, 4.030000
26.540192, -641.335508, -614.795316, 831.388370, 802.047249, 1597.388682, 1668.227813, 4.030000
25.707045, -640.479202, -614.772157, 831.266131, 776.869449, 1597.586293, 1685.523381, 4.030000
25.765008, -640.564586, -614.799578, 831.148356, 778.621085, 1597.712126, 1653.833376, 4.030000
26.438119, -641.278901, -614.840782, 831.076513, 798.962577, 1597.731782, 1606.518223, 4.030000
27.069490, -641.943035, -614.873545, 831.047485, 818.042666, 1597.738091, 1600.564555, 4.030000
27.365341, -642.166913, -614.801572, 831.038453, 826.983329, 1597.790114, 1621.148027, 4.030000
27.954985, -642.739467, -614.784482, 831.068972, 844.802435, 1597.857988, 1628.401362, 4.030000
29.021832, -643.854831, -614.832999, 831.170684, 877.042636, 1597.893236, 1613.790290, 4.030000
29.765535, -644.691431, -614.925896, 831.321559, 899.517433, 1597.868404, 1586.644067, 4.030000
29.228008, -644.123483, -614.895474, 831.435991, 883.273311, 1597.850492, 1589.736560, 4.030000
27.756108, -642.560088, -614.803980, 831.452158, 838.792345, 1597.919240, 1629.130990, 4.030000
26.704794, -641.463610, -614.758817, 831.398582, 807.021515, 1598.036238, 1651.270403, 4.030000
26.578261, -641.426514, -614.848254, 831.336874, 803.197679, 1598.156302, 1652.905257, 4.030000
26.515017, -641.340690, -614.825673, 831.271261, 801.286451, 1598.357846, 1690.463536, 4.030000
26.643303, -641.399348, -614.756045, 831.214381, 805.163259, 1598.692116, 1751.787533, 4.030000
27.569922, -642.391369, -614.821447, 831.218623, 833.165779, 1599.049429, 1763.056357, 4.030000
28.470392, -643.351024, -614.880632, 831.281876, 860.378063, 1599.298432, 1713.839881, 4.030000
28.440031, -643.302799, -614.862768, 831.342869, 859.460559, 1599.418477, 1654.759099, 4.030000
27.717067, -642.521501, -614.804434, 831.356410, 837.612523, 1599.471478, 1623.957677, 4.030000
26.967886, -641.799033, -614.831147, 831.321099, 814.972202, 1599.567758, 1644.145566, 4.030000
26.035427, -640.893344, -614.857917, 831.225340, 786.793192, 1599.812233, 1713.248659, 4.030000
24.955701, -639.696235, -614.740533, 831.059972, 754.163773, 1600.183226, 1772.694983, 4.030000
25.370665, -640.046927, -614.676262, 830.922165, 766.704009, 1600.480106, 1738.826089, 4.030000
27.827159, -642.704193, -614.877034, 830.943570, 840.939515, 1600.547155, 1631.858980, 4.030000
29.647391, -644.701668, -615.054277, 831.082170, 895.947090, 1600.466127, 1562.545235, 4.030000
28.759757, -643.648822, -614.889065, 831.163107, 869.122710, 1600.424265, 1580.790955, 4.030000
27.210344, -641.917488, -614.707144, 831.144288, 822.299290, 1600.450372, 1612.720683, 4.030000
27.475702, -642.259744, -614.784043, 831.142538, 830.318429, 1600.479267, 1614.088912, 4.030000
28.617658, -643.574984, -614.957326, 831.213756, 864.828463, 1600.519846, 1619.673096, 4.030000
28.473031, -643.398882, -614.925851, 831.275452, 860.457811, 1600.602994, 1639.931708, 4.030000
27.369709, -642.131265, -614.761556, 831.266694, 827.115323, 1600.706016, 1649.538621, 4.030000
27.319492, -642.095246, -614.775754, 831.254785, 825.597748, 1600.798642, 1644.796240, 4.030000
28.175736, -643.125244, -614.949508, 831.297172, 851.473524, 1600.875550, 1637.483620, 4.030000
28.110304, -643.010938, -614.900635, 831.335245, 849.496171, 1600.985795, 1653.572549, 4.030000
27.409799, -642.195994, -614.786195, 831.328964, 828.326845, 1601.125790, 1668.043552, 4.030000
27.092990, -641.963442, -614.870452, 831.302764, 818.752853, 1601.242700, 1657.242619, 4.030000
26.500002, -641.372068, -614.872066, 831.239417, 800.832701, 1601.382951, 1668.703229, 4.030000
25.632422, -640.408061, -614.775640, 831.121937, 774.614329, 1601.623700, 1717.424209, 4.030000
25.715551, -640.488302, -614.772750, 831.010146, 777.126518, 1601.876773, 1723.857687, 4.030000
26.796979, -641.689857, -614.892878, 830.966338, 809.807370, 1601.990909, 1657.118517, 4.030000
27.549573, -642.452775, -614.903202, 830.969605, 832.550825, 1601.918714, 1566.976662, 4.030000
27.955971, -642.756718, -614.800746, 830.998129, 844.832226, 1601.739186, 1514.668080, 4.030000
28.772060, -643.703269, -614.931209, 831.077177, 869.494511, 1601.562310, 1515.600522, 4.030000
29.024837, -643.927654, -614.902817, 831.171555, 877.133470, 1601.462113, 1552.666047, 4.030000
28.920890, -643.727413, -614.806523, 831.259123, 873.992160, 1601.388389, 1565.411116, 4.030000
29.157088, -644.093146, -614.936058, 831.360900, 881.130097, 1601.285802, 1551.120689, 4.030000
28.403667, -643.370614, -614.966947, 831.415891, 858.361644, 1601.254970, 1586.147510, 4.030000
26.337655, -641.162765, -614.825110, 831.343759, 795.926556, 1601.367271, 1656.507068, 4.030000
24.888247, -639.614776, -614.726529, 831.183072, 752.125302, 1601.541249, 1687.138161, 4.030000
25.472392, -640.263679, -614.791288, 831.058771, 769.778209, 1601.668764, 1664.533867, 4.030000
27.246409, -642.150985, -614.904576, 831.043277, 823.389184, 1601.687014, 1610.702472, 4.030000
28.443754, -643.379807, -614.936053, 831.100796, 859.573072, 1601.618634, 1567.770573, 4.030000
28.522896, -643.387199, -614.864303, 831.162897, 861.964761, 1601.563513, 1574.223589, 4.030000
28.294311, -643.137695, -614.843384, 831.210877, 855.056891, 1601.564177, 1601.894220, 4.030000
28.101605, -642.955837, -614.854232, 831.246994, 849.233296, 1601.590097, 1614.498210, 4.030000
27.921824, -642.750871, -614.829046, 831.272100, 843.800302, 1601.602928, 1608.005541, 4.030000
27.824310, -642.704390, -614.880080, 831.291225, 840.853423, 1601.586098, 1593.171184, 4.030000
27.422949, -642.272237, -614.849288, 831.286111, 828.724239, 1601.566926, 1591.961583, 4.030000
27.055934, -641.853234, -614.797300, 831.258968, 817.633018, 1601.560873, 1598.522061, 4.030000
27.155048, -642.028795, -614.873747, 831.237875, 820.628244, 1601.530924, 1586.466590, 4.030000
27.017945, -641.898433, -614.880488, 831.208662, 816.484972, 1601.470490, 1571.012139, 4.030000
26.699665, -641.473309, -614.773645, 831.160555, 806.866518, 1601.449350, 1590.773464, 4.030000
27.329380, -642.144722, -614.815343, 831.150172, 825.896566, 1601.467082, 1610.439673, 4.030000
28.243220, -643.232857, -614.989638, 831.194193, 853.512899, 1601.467714, 1601.787870, 4.030000
27.691063, -642.574421, -614.883357, 831.205259, 836.826677, 1601.482961, 1609.228300, 4.030000
26.725352, -641.468740, -614.743388, 831.159058, 807.642791, 1601.541248, 1631.209551, 4.030000
26.871401, -641.750064, -614.878663, 831.121675, 812.056415, 1601.647539, 1655.855798, 4.030000
27.007743, -641.902329, -614.894586, 831.092486, 816.176682, 1601.839030, 1699.690859, 4.030000
26.975637, -641.774114, -614.798477, 831.061519, 815.206434, 1602.056862, 1713.587054, 4.030000
27.441357, -642.343480, -614.902123, 831.058054, 829.280536, 1602.190676, 1670.837451, 4.030000
27.876516, -642.684089, -614.807573, 831.080137, 842.431080, 1602.239736, 1627.456524, 4.030000
28.797664, -643.664848, -614.867183, 831.156083, 870.268277, 1602.183819, 1573.386498, 4.030000
29.538017, -644.530361, -614.992344, 831.275011, 892.641808, 1602.045948, 1530.904339, 4.030000
28.760938, -643.650520, -614.889582, 831.348145, 869.158405, 1601.948451, 1551.542555, 4.030000
27.413150, -642.232399, -614.819249, 831.342519, 828.428117, 1601.980528, 1618.596510, 4.030000
26.575889, -641.416770, -614.840881, 831.288256, 803.126004, 1602.114286, 1671.534713, 4.030000
26.234403, -641.068861, -614.834458, 831.214395, 792.806269, 1602.270811, 1683.663616, 4.030000
26.346204, -641.213657, -614.867453, 831.147288, 796.184894, 1602.352916, 1645.129864, 4.030000
26.715347, -641.536490, -614.821143, 831.101769, 807.340440, 1602.328113, 1589.380754, 4.030000
27.760581, -642.585285, -614.824705, 831.116703, 838.927507, 1602.232191, 1552.065168, 4.030000
29.200288, -644.150672, -614.950384, 831.214453, 882.435605, 1602.098404, 1531.993987, 4.030000
29.588803, -644.536022, -614.947218, 831.334153, 894.176572, 1601.977340, 1538.418662, 4.030000
28.752925, -643.611214, -614.858289, 831.405467, 868.916237, 1601.949941, 1587.537832, 4.030000
27.991785, -642.750051, -614.758266, 831.432946, 845.914528, 1602.022552, 1640.288671, 4.030000
28.048232, -642.976253, -614.928021, 831.463546, 847.620350, 1602.069513, 1626.864737, 4.030000
27.012250, -642.016275, -615.004024, 831.434960, 816.312886, 1602.083450, 1609.456413, 4.030000
24.268387, -639.001097, -614.732710, 831.250323, 733.393055, 1602.170525, 1648.320381, 4.030000
23.104680, -637.714361, -614.609681, 831.000277, 698.225712, 1602.336102, 1690.257117, 4.030000
25.175227, -639.984281, -614.809054, 830.868565, 760.797871, 1602.477841, 1677.882956, 4.030000
28.202233, -643.137374, -614.935141, 830.908651, 852.274289, 1602.504451, 1616.687881, 4.030000
30.086304, -645.059117, -614.972813, 831.055011, 909.211082, 1602.407654, 1550.717777, 4.030000
30.197897, -645.173400, -614.975503, 831.207116, 912.583444, 1602.305558, 1547.684170, 4.030000
28.906397, -643.732263, -614.825866, 831.285974, 873.554199, 1602.283883, 1590.666081, 4.030000
27.996837, -642.758723, -614.761886, 831.313449, 846.067200, 1602.275483, 1597.765129, 4.030000
28.147559, -643.023030, -614.875471, 831.349272, 850.622028, 1602.205408, 1564.504734, 4.030000
27.976651, -642.878972, -614.902321, 831.375398, 845.457162, 1602.127865, 1560.332190, 4.030000
27.015050, -641.829896, -614.814845, 831.347712, 816.397499, 1602.122793, 1599.384239, 4.030000
26.275207, -641.078371, -614.803164, 831.278877, 794.039358, 1602.185581, 1636.153706, 4.030000
26.260271, -641.076710, -614.816439, 831.209465, 793.588002, 1602.266501, 1646.125329, 4.030000
26.756734, -641.633485, -614.876752, 831.167887, 808.591144, 1602.305951, 1623.726948, 4.030000
27.007473, -641.924837, -614.917364, 831.140366, 816.168519, 1602.304605, 1601.572296, 4.030000
26.665542, -641.491452, -614.825910, 831.094019, 805.835334, 1602.325375, 1613.645403, 4.030000
26.822628, -641.589234, -614.766606, 831.056521, 810.582483, 1602.369631, 1626.533538, 4.030000
28.012606, -642.899406, -614.886800, 831.084782, 846.543741, 1602.397259, 1617.509522, 4.030000
28.815827, -643.770488, -614.954661, 831.157155, 870.817140, 1602.387248, 1596.901251, 4.030000
28.455954, -643.310970, -614.855016, 831.209490, 859.941758, 1602.335608, 1573.985398, 4.030000
28.041834, -642.879921, -614.838087, 831.238923, 847.427018, 1602.222843, 1540.202145, 4.030000
28.012272, -642.897285, -614.885013, 831.266631, 846.533626, 1602.072413, 1519.184996, 4.030000
28.047730, -642.880429, -614.832699, 831.296176, 847.605177, 1601.942204, 1530.067138, 4.030000
28.267982, -643.145796, -614.877814, 831.337629, 854.261212, 1601.838824, 1544.669809, 4.030000
28.122610, -643.017991, -614.895381, 831.371018, 849.868052, 1601.762580, 1559.523061, 4.030000
27.387587, -642.231013, -614.843426, 831.364335, 827.655591, 1601.676376, 1553.833495, 4.030000
26.575250, -641.429030, -614.853780, 831.313603, 803.106696, 1601.550214, 1531.403949, 4.030000
25.996409, -640.789621, -614.793211, 831.231704, 785.614074, 1601.473234, 1558.595554, 4.030000
26.275517, -641.074439, -614.798922, 831.165188, 794.048723, 1601.522681, 1629.113741, 4.030000
27.152451, -642.039880, -614.887429, 831.146231, 820.549752, 1601.668349, 1683.096938, 4.030000
27.556011, -642.431051, -614.875041, 831.149082, 832.745374, 1601.787520, 1668.523193, 4.030000
27.563668, -642.371018, -614.807350, 831.152334, 832.976778, 1601.782873, 1599.176060, 4.030000
27.864895, -642.702093, -614.837197, 831.171744, 842.079902, 1601.629864, 1515.638599, 4.030000
28.165583, -643.066380, -614.900797, 831.207196, 851.166717, 1601.374342, 1457.515564, 4.030000
27.738923, -642.628467, -614.889544, 831.219702, 838.273021, 1601.131543, 1464.192768, 4.030000
27.011786, -641.788519, -614.776733, 831.193340, 816.298860, 1600.970868, 1510.189796, 4.030000
27.084537, -641.898595, -614.814058, 831.170948, 818.497393, 1600.883518, 1551.443390, 4.030000
27.644390, -642.533198, -614.888808, 831.178422, 835.416216, 1600.842149, 1577.385937, 4.030000
27.793739, -642.657157, -614.863418, 831.193802, 839.929549, 1600.831301, 1594.669641, 4.030000
27.920395, -642.681682, -614.761286, 831.215843, 843.757116, 1600.839322, 1605.403289, 4.030000
28.781214, -643.667816, -614.886602, 831.283365, 869.771152, 1600.802910, 1580.047828, 4.030000
29.055698, -643.992383, -614.936684, 831.365153, 878.066092, 1600.695951, 1539.622341, 4.030000
28.044600, -642.881843, -614.837243, 831.393330, 847.510608, 1600.584395, 1536.774373, 4.030000
26.855298, -641.663371, -614.808073, 831.358795, 811.569766, 1600.540236, 1575.237257, 4.030000
26.162471, -640.970299, -614.807828, 831.287966, 790.632464, 1600.538958, 1599.805383, 4.030000
26.058800, -640.870471, -614.811671, 831.211945, 787.499519, 1600.508339, 1582.902232, 4.030000
26.266302, -641.118475, -614.852173, 831.147054, 793.770262, 1600.452082, 1568.047951, 4.030000
26.323875, -641.149979, -614.826104, 831.085399, 795.510104, 1600.445253, 1596.505154, 4.030000
26.550116, -641.346960, -614.796844, 831.035764, 802.347127, 1600.489727, 1626.195945, 4.030000
27.301284, -642.133411, -614.832127, 831.025440, 825.047502, 1600.505266, 1609.502224, 4.030000
28.180012, -643.040827, -614.860815, 831.060857, 851.602750, 1600.442034, 1563.767303, 4.030000
28.542776, -643.459388, -614.916612, 831.114989, 862.565511, 1600.333369, 1537.199278, 4.030000
27.898276, -642.756365, -614.858089, 831.135527, 843.088667, 1600.249231, 1551.281001, 4.030000
27.104505, -641.862177, -614.757672, 831.114919, 819.100824, 1600.218012, 1582.016893, 4.030000
27.438557, -642.239201, -614.800645, 831.111639, 829.195904, 1600.194982, 1586.745424, 4.030000
28.382414, -643.300327, -614.917913, 831.157045, 857.719370, 1600.097586, 1543.121388, 4.030000
28.707600, -643.554482, -614.846881, 831.219037, 867.546530, 1599.890794, 1478.710344, 4.030000
28.808189, -643.649943, -614.841754, 831.285988, 870.586338, 1599.633800, 1448.778168, 4.030000
28.651047, -643.586010, -614.934963, 831.344649, 865.837498, 1599.438268, 1484.465991, 4.030000
27.418329, -642.278385, -614.860055, 831.339971, 828.584639, 1599.359042, 1552.694933, 4.030000
26.210630, -640.929476, -614.718846, 831.273555, 792.087845, 1599.368941, 1605.208905, 4.030000
26.493647, -641.320665, -614.827018, 831.221810, 800.640640, 1599.387658, 1610.449785, 4.030000
27.091450, -642.018610, -614.927160, 831.200705, 818.706312, 1599.368415, 1587.976419, 4.030000
26.788775, -641.630615, -614.841840, 831.164272, 809.559433, 1599.343326, 1584.465529, 4.030000
26.654037, -641.399948, -614.745910, 831.121118, 805.487649, 1599.306908, 1577.674377, 4.030000
27.598345, -642.479047, -614.880702, 831.125990, 834.024735, 1599.180499, 1523.967172, 4.030000
28.214982, -643.164599, -614.949616, 831.162059, 852.659570, 1598.976791, 1477.567025, 4.030000
27.582212, -642.445468, -614.863256, 831.166031, 833.537177, 1598.797336, 1491.662454, 4.030000
26.686085, -641.476004, -614.789919, 831.124779, 806.456148, 1598.711390, 1547.316007, 4.030000
26.610166, -641.396825, -614.786659, 831.079841, 804.161856, 1598.723887, 1606.209313, 4.030000
27.324749, -642.189557, -614.864808, 831.070984, 825.756621, 1598.781718, 1633.480287, 4.030000
27.761678, -642.684969, -614.923291, 831.084089, 838.960657, 1598.832295, 1629.229185, 4.030000
27.358429, -642.177676, -614.819246, 831.076942, 826.774449, 1598.861456, 1616.416152, 4.030000
27.252766, -642.048682, -614.795916, 831.064532, 823.581303, 1598.852884, 1593.683956, 4.030000
27.770586, -642.659389, -614.888803, 831.078029, 839.229855, 1598.810061, 1572.945102, 4.030000
28.083936, -642.941920, -614.857983, 831.107107, 848.699345, 1598.762716, 1570.119301, 4.030000
28.156651, -643.024449, -614.867798, 831.139709, 850.896794, 1598.694676, 1557.462564, 4.030000
27.999557, -642.878251, -614.878695, 831.164396, 846.149384, 1598.581041, 1529.604505, 4.030000
27.491300, -642.383055, -614.891755, 831.163781, 830.789823, 1598.447474, 1517.238276, 4.030000
26.752025, -641.571033, -614.819008, 831.126544, 808.448852, 1598.380843, 1557.802605, 4.030000
26.653176, -641.410533, -614.757357, 831.084539, 805.461615, 1598.407709, 1614.796123, 4.030000
27.725405, -642.571188, -614.845783, 831.095617, 837.864477, 1598.429671, 1611.848785, 4.030000
28.556784, -643.556270, -614.999486, 831.147645, 862.988857, 1598.397075, 1578.448149, 4.030000
27.467163, -642.339227, -614.872064, 831.145874, 830.060407, 1598.400314, 1600.385450, 4.030000
26.006879, -640.688586, -614.681707, 831.072354, 785.930475, 1598.482478, 1648.931341, 4.030000
26.455054, -641.237294, -614.782241, 831.021058, 799.474346, 1598.567268, 1650.713380, 4.030000
27.866650, -642.792975, -614.926325, 831.039068, 842.132939, 1598.590183, 1612.705715, 4.030000
28.409204, -643.316663, -614.907458, 831.083550, 858.528979, 1598.554989, 1576.840083, 4.030000
28.088042, -642.953846, -614.865805, 831.112209, 848.823407, 1598.484039, 1554.636870, 4.030000
27.643763, -642.475252, -614.831488, 831.119120, 835.397274, 1598.398116, 1545.211800, 4.030000
27.665431, -642.487835, -614.822403, 831.127064, 836.052080, 1598.281346, 1525.884443, 4.030000
28.225908, -643.140733, -614.914825, 831.162213, 852.989738, 1598.121347, 1498.761429, 4.030000
28.224810, -643.153579, -614.928769, 831.197195, 852.956563, 1597.996758, 1520.502897, 4.030000
27.253688, -642.078786, -614.825098, 831.185035, 823.609147, 1597.983650, 1589.817435, 4.030000
26.513886, -641.289016, -614.775130, 831.137143, 801.252275, 1598.063309, 1647.770322, 4.030000
26.640463, -641.501893, -614.861430, 831.095514, 805.077422, 1598.147961, 1651.055261, 4.030000
26.861979, -641.738789, -614.876810, 831.064694, 811.771664, 1598.205010, 1633.917657, 4.030000
27.100023, -641.912855, -614.812832, 831.045428, 818.965396, 1598.263551, 1634.969013, 4.030000
27.752915, -642.668576, -614.915661, 831.057591, 838.695846, 1598.331551, 1641.035609, 4.030000
27.693184, -642.621195, -614.928011, 831.066850, 836.890771, 1598.418539, 1653.133569, 4.030000
26.895729, -641.667764, -614.772036, 831.037887, 812.791594, 1598.533102, 1670.707994, 4.030000
27.005357, -641.819301, -614.813944, 831.014259, 816.104578, 1598.625715, 1657.064686, 4.030000
27.884264, -642.758477, -614.874212, 831.032665, 842.665231, 1598.656937, 1618.389428, 4.030000
28.595750, -643.489203, -614.893454, 831.084926, 864.166391, 1598.632817, 1583.364549, 4.030000
28.311603, -643.301269, -614.989666, 831.123500, 855.579467, 1598.597707, 1576.337773, 4.030000
26.471597, -641.289784, -614.818188, 831.074523, 799.974277, 1598.651358, 1632.719783, 4.030000
25.369635, -640.010778, -614.641143, 830.973422, 766.672900, 1598.781024, 1681.248746, 4.030000
27.009087, -641.827851, -614.818765, 830.950293, 816.217284, 1598.818528, 1622.708277, 4.030000
29.207707, -644.211720, -615.004013, 831.031216, 882.659810, 1598.708377, 1528.432358, 4.030000
29.440216, -644.369859, -614.929643, 831.122864, 889.686245, 1598.532496, 1486.144797, 4.030000
28.375710, -643.193284, -614.817574, 831.164040, 857.516766, 1598.376543, 1498.566160, 4.030000
27.612207, -642.428856, -614.816649, 831.169149, 834.443639, 1598.275172, 1533.296729, 4.030000
27.384725, -642.240359, -614.855635, 831.163550, 827.569094, 1598.217060, 1560.908739, 4.030000
27.125224, -641.987486, -614.862262, 831.145791, 819.726957, 1598.181621, 1575.394343, 4.030000
26.917960, -641.710197, -614.792237, 831.118377, 813.463416, 1598.176289, 1594.742956, 4.030000
27.192884, -642.074470, -614.881586, 831.103908, 821.771667, 1598.194836, 1610.157197, 4.030000
27.286146, -642.132491, -614.846345, 831.093840, 824.590034, 1598.238015, 1626.131548, 4.030000
27.116414, -641.968415, -614.852002, 831.075888, 819.460709, 1598.296163, 1635.918002, 4.030000
26.689270, -641.545829, -614.856559, 831.038101, 806.552389, 1598.341564, 1627.761804, 4.030000
26.377307, -641.122077, -614.744770, 830.985927, 797.124851, 1598.369320, 1616.382709, 4.030000
27.306915, -642.107361, -614.800446, 830.977066, 825.217687, 1598.357106, 1590.417834, 4.030000
28.700248, -643.656876, -614.956628, 831.032814, 867.324336, 1598.302884, 1563.004369, 4.030000
28.516583, -643.453005, -614.936421, 831.079891, 861.773977, 1598.278651, 1582.479121, 4.030000
27.142944, -641.858871, -614.715927, 831.063350, 820.262460, 1598.311696, 1619.889855, 4.030000
27.125627, -641.848511, -614.722884, 831.046061, 819.739133, 1598.336158, 1614.334508, 4.030000
28.473750, -643.385092, -614.911342, 831.090929, 860.479554, 1598.284091, 1564.179791, 4.030000
28.849672, -643.801156, -614.951484, 831.152952, 871.839953, 1598.180356, 1530.130699, 4.030000
27.460513, -642.335343, -614.874830, 831.150986, 829.859436, 1598.121876, 1559.700606, 4.030000
25.620342, -640.348570, -614.728229, 831.064641, 774.249271, 1598.178803, 1635.636767, 4.030000
25.651547, -640.324258, -614.672711, 830.979986, 775.192299, 1598.288536, 1670.602270, 4.030000
27.966471, -642.853820, -614.887349, 831.001422, 845.149527, 1598.342143, 1633.722796, 4.030000
29.824556, -644.837203, -615.012647, 831.107615, 901.301045, 1598.347372, 1601.803815, 4.030000
29.234198, -644.193656, -614.959458, 831.186579, 883.460365, 1598.368521, 1612.369394, 4.030000
27.026789, -641.797421, -614.770631, 831.164840, 816.752261, 1598.482459, 1674.022934, 4.030000
25.911019, -640.584285, -614.673266, 831.092462, 783.033560, 1598.642074, 1704.626823, 4.030000
27.000337, -641.824863, -614.824526, 831.069730, 815.952860, 1598.718146, 1649.306004, 4.030000
28.249291, -643.202666, -614.953374, 831.103653, 853.696389, 1598.713884, 1595.874997, 4.030000
27.799332, -642.662848, -614.863516, 831.117119, 840.098566, 1598.707027, 1594.133727, 4.030000
26.540810, -641.276359, -614.735549, 831.073694, 802.065908, 1598.716199, 1604.842667, 4.030000
26.249284, -640.965053, -614.715769, 831.017249, 793.255958, 1598.718588, 1600.317353, 4.030000
27.307541, -642.107794, -614.800253, 831.008634, 825.236602, 1598.682446, 1574.467212, 4.030000
28.480747, -643.395060, -614.914313, 831.052805, 860.690987, 1598.596514, 1540.936224, 4.030000
28.372998, -643.236227, -614.863229, 831.092005, 857.434807, 1598.494491, 1529.935017, 4.030000
27.534868, -642.295685, -614.760817, 831.093510, 832.106434, 1598.430292, 1555.224240, 4.030000
27.109637, -641.930303, -614.820666, 831.075973, 819.255918, 1598.460533, 1618.842568, 4.030000
26.863696, -641.698509, -614.834814, 831.047493, 811.823550, 1598.607054, 1697.509278, 4.030000
26.744917, -641.575421, -614.830504, 831.013795, 808.234043, 1598.828662, 1748.635409, 4.030000
26.789598, -641.642349, -614.852751, 830.982188, 809.584298, 1599.029159, 1734.765353, 4.030000
26.880695, -641.684607, -614.803912, 830.954729, 812.337262, 1599.134534, 1670.578853, 4.030000
27.338857, -642.167118, -614.828261, 830.947712, 826.182981, 1599.155736, 1613.551833, 4.030000
27.803995, -642.686386, -614.882391, 830.961356, 840.239481, 1599.130447, 1581.933945, 4.030000
27.670625, -642.533801, -614.863176, 830.969051, 836.209049, 1599.086149, 1568.919209, 4.030000
27.408194, -642.178969, -614.770775, 830.965111, 828.278336, 1599.037856, 1566.102560, 4.030000
28.186967, -642.989962, -614.802995, 830.995590, 851.812937, 1598.960353, 1546.025365, 4.030000
29.410366, -644.374249, -614.963883, 831.079953, 888.784179, 1598.846256, 1520.804099, 4.030000
29.121892, -644.063709, -614.941817, 831.151362, 880.066463, 1598.776407, 1550.929666, 4.030000
27.585060, -642.325928, -614.740868, 831.154960, 833.623264, 1598.821679, 1629.878294, 4.030000
27.117055, -641.855917, -614.738862, 831.137991, 819.480082, 1598.890044, 1645.856938, 4.030000
27.919250, -642.809748, -614.890499, 831.156256, 843.722500, 1598.869993, 1585.074843, 4.030000
28.015881, -642.976497, -614.960616, 831.178700, 846.642711, 1598.785330, 1540.452653, 4.030000
26.723739, -641.512996, -614.789257, 831.144569, 807.594059, 1598.714828, 1550.068473, 4.030000
26.219614, -640.893667, -614.674053, 831.088521, 792.359337, 1598.628695, 1539.111014, 4.030000
27.652059, -642.577126, -614.925067, 831.095100, 835.647956, 1598.470159, 1488.762575, 4.030000
28.287596, -643.294809, -615.007213, 831.129335, 854.853944, 1598.336015, 1505.374850, 4.030000
26.997246, -641.770669, -614.773423, 831.107364, 815.859450, 1598.361574, 1616.099510, 4.030000
26.208127, -640.944979, -614.736852, 831.051192, 792.012195, 1598.504266, 1697.674992, 4.030000
26.615451, -641.491185, -614.875734, 831.012843, 804.321580, 1598.643893, 1695.824468, 4.030000
26.883678, -641.732234, -614.848556, 830.986216, 812.427416, 1598.774173, 1689.578995, 4.030000
27.240120, -642.022601, -614.782481, 830.975076, 823.199118, 1598.887125, 1677.727622, 4.030000
28.319069, -643.187881, -614.868812, 831.010547, 855.805069, 1598.901012, 1608.608449, 4.030000
29.049490, -644.002461, -614.952971, 831.077406, 877.878476, 1598.798382, 1526.956907, 4.030000
28.402307, -643.288034, -614.885727, 831.116214, 858.320532, 1598.663168, 1503.878495, 4.030000
27.260741, -642.064352, -614.803612, 831.105838, 823.822291, 1598.575973, 1537.365208, 4.030000
26.803722, -641.645935, -614.842213, 831.075874, 810.011125, 1598.542820, 1575.236000, 4.030000
26.961386, -641.814237, -614.852851, 831.052754, 814.775772, 1598.528405, 1588.379930, 4.030000
27.514002, -642.368897, -614.854895, 831.053353, 831.475880, 1598.486010, 1568.597960, 4.030000
28.146845, -643.075327, -614.928481, 831.081001, 850.600463, 1598.408562, 1543.729987, 4.030000
28.068993, -642.957478, -614.888485, 831.105248, 848.247760, 1598.371581, 1572.225968, 4.030000
27.427296, -642.287283, -614.859987, 831.102075, 828.855614, 1598.414059, 1628.488449, 4.030000
26.961854, -641.734695, -614.772841, 831.079100, 814.789899, 1598.505118, 1663.066443, 4.030000
27.606797, -642.420145, -614.813348, 831.083602, 834.280149, 1598.556700, 1635.179466, 4.030000
28.803237, -643.761202, -614.957965, 831.138873, 870.436691, 1598.521212, 1573.289739, 4.030000
28.806618, -643.737206, -614.930588, 831.194133, 870.538854, 1598.455429, 1551.617795, 4.030000
27.798663, -642.597469, -614.798806, 831.206576, 840.078343, 1598.410877, 1566.645028, 4.030000
27.308778, -642.084583, -614.775805, 831.198278, 825.273980, 1598.371485, 1570.245853, 4.030000
27.478536, -642.376451, -614.897915, 831.197169, 830.404089, 1598.322699, 1563.440431, 4.030000
27.150880, -641.995808, -614.844928, 831.182253, 820.502281, 1598.296597, 1579.607567, 4.030000
26.854173, -641.627593, -614.773420, 831.154890, 811.535761, 1598.307366, 1606.028780, 4.030000
27.177780, -642.109051, -614.931270, 831.141205, 821.315211, 1598.356194, 1633.414557, 4.030000
26.856060, -641.714926, -614.858865, 831.114054, 811.592814, 1598.449725, 1665.698829, 4.030000
26.545923, -641.272227, -614.726304, 831.073980, 802.220427, 1598.552921, 1672.853575, 4.030000
27.478567, -642.335251, -614.856684, 831.073053, 830.405014, 1598.620319, 1647.214537, 4.030000
28.382339, -643.285820, -614.903481, 831.109905, 857.717099, 1598.663399, 1629.767003, 4.030000
28.208839, -643.105364, -614.896525, 831.139414, 852.473908, 1598.720155, 1639.754899, 4.030000
27.252827, -642.058615, -614.805788, 831.128991, 823.583125, 1598.805767, 1660.789088, 4.030000
26.785473, -641.544341, -614.758868, 831.099144, 809.459656, 1598.860120, 1638.266076, 4.030000
27.344577, -642.188090, -614.843513, 831.092619, 826.355845, 1598.839254, 1583.690402, 4.030000
27.819429, -642.743420, -614.923992, 831.105824, 840.705891, 1598.804979, 1573.886737, 4.030000
27.068524, -641.964167, -614.895642, 831.087865, 818.013490, 1598.838986, 1623.596087, 4.030000
25.962834, -640.660888, -614.698054, 831.024182, 784.599412, 1598.934005, 1668.202807, 4.030000
26.536273, -641.329172, -614.792899, 830.984380, 801.928790, 1599.004681, 1650.598717, 4.030000
28.004216, -642.896538, -614.892321, 831.005290, 846.290200, 1599.000977, 1596.292791, 4.030000
28.691515, -643.602413, -614.910897, 831.054478, 867.060442, 1598.920930, 1540.326558, 4.030000
28.286293, -643.148291, -614.861998, 831.086849, 854.814591, 1598.796759, 1507.779917, 4.030000
27.657520, -642.433786, -614.776266, 831.093279, 835.812986, 1598.670441, 1505.952788, 4.030000
27.703300, -642.548105, -614.844804, 831.101571, 837.196483, 1598.594982, 1543.132696, 4.030000
27.796265, -642.665014, -614.868749, 831.113653, 840.005894, 1598.612010, 1611.144833, 4.030000
27.694417, -642.466333, -614.771916, 831.121532, 836.928039, 1598.664060, 1637.024888, 4.030000
28.172765, -643.017719, -614.844954, 831.148950, 851.383762, 1598.625865, 1570.437541, 4.030000
28.501898, -643.407085, -614.905187, 831.189736, 861.330178, 1598.466957, 1481.034372, 4.030000
28.036600, -642.854490, -614.817891, 831.211435, 847.268828, 1598.276775, 1457.541697, 4.030000
27.740382, -642.505490, -614.765108, 831.221011, 838.317105, 1598.134405, 1492.638683, 4.030000
28.062560, -642.952821, -614.890261, 831.243666, 848.053341, 1598.056330, 1540.124312, 4.030000
27.654121, -642.586569, -614.932448, 831.249669, 835.710293, 1598.050565, 1593.767433, 4.030000
26.136227, -640.936229, -614.800001, 831.194085, 789.839387, 1598.130525, 1657.620359, 4.030000
24.968755, -639.736300, -614.767545, 831.091356, 754.558247, 1598.245159, 1683.647702, 4.030000
24.978264, -639.745467, -614.767203, 830.989287, 754.845610, 1598.336669, 1666.603092, 4.030000
26.033734, -640.862927, -614.829193, 830.930133, 786.742037, 1598.374182, 1626.396613, 4.030000
27.350714, -642.212022, -614.861307, 830.924273, 826.541297, 1598.352911, 1582.441963, 4.030000
28.159482, -643.057832, -614.898350, 830.951017, 850.982352, 1598.302404, 1560.472646, 4.030000
28.038833, -642.909351, -614.870519, 830.972835, 847.336309, 1598.282843, 1583.612294, 4.030000
27.506905, -642.319718, -614.812813, 830.973219, 831.261404, 1598.314216, 1621.875393, 4.030000
27.471678, -642.292066, -614.820388, 830.972188, 830.196834, 1598.332350, 1611.969064, 4.030000
28.008476, -642.879207, -614.870731, 830.992674, 846.418911, 1598.292531, 1568.308877, 4.030000
28.699792, -643.548570, -614.848778, 831.040777, 867.310552, 1598.198471, 1527.277091, 4.030000
29.389040, -644.286600, -614.897560, 831.116305, 888.139701, 1598.078092, 1507.191610, 4.030000
29.426439, -644.346755, -614.920316, 831.193126, 889.269914, 1597.982525, 1525.734345, 4.030000
28.465984, -643.351723, -614.885739, 831.231453, 860.244849, 1597.963862, 1583.835745, 4.030000
26.987076, -641.803616, -614.816540, 831.210795, 815.552125, 1598.031472, 1649.279930, 4.030000
26.174620, -640.899761, -614.725141, 831.157886, 790.999612, 1598.122626, 1667.308394, 4.030000
27.070236, -641.865784, -614.795548, 831.140681, 818.065217, 1598.144611, 1614.853506, 4.030000
28.501974, -643.444801, -614.942826, 831.180303, 861.332498, 1598.079292, 1548.371561, 4.030000
28.615008, -643.504275, -614.889267, 831.224298, 864.748395, 1597.997489, 1535.663700, 4.030000
27.768457, -642.616637, -614.848180, 831.234692, 839.165515, 1597.965556, 1573.600043, 4.030000
26.682351, -641.546008, -614.863657, 831.202154, 806.343297, 1597.990328, 1616.916255, 4.030000
25.827247, -640.566478, -614.739231, 831.135966, 780.501972, 1598.045944, 1640.592085, 4.030000
26.295895, -641.126631, -614.830736, 831.088415, 794.664547, 1598.083000, 1626.467874, 4.030000
27.204570, -642.130642, -614.926072, 831.076744, 822.124793, 1598.084602, 1599.313329, 4.030000
27.083219, -641.994205, -614.910986, 831.060334, 818.457568, 1598.101262, 1610.896240, 4.030000
26.232877, -641.004300, -614.771423, 831.010593, 792.760146, 1598.175059, 1654.924853, 4.030000
26.100222, -640.892084, -614.791863, 830.955782, 788.751286, 1598.263709, 1666.524501, 4.030000
26.730863, -641.554907, -614.824045, 830.925800, 807.809320, 1598.325975, 1646.332956, 4.030000
27.616171, -642.438342, -614.822171, 830.930506, 834.563416, 1598.365437, 1628.830505, 4.030000
28.394595, -643.288701, -614.894106, 830.965592, 858.087493, 1598.403737, 1628.009514, 4.030000
28.328400, -643.191220, -614.862820, 830.998007, 856.087068, 1598.478301, 1656.191010, 4.030000
27.755672, -642.557190, -614.801518, 831.008034, 838.779173, 1598.584523, 1680.906583, 4.030000
27.538944, -642.337727, -614.798783, 831.009607, 832.229615, 1598.675199, 1669.039121, 4.030000
27.756206, -642.626072, -614.869866, 831.019614, 838.795311, 1598.706417, 1622.963137, 4.030000
27.671539, -642.541029, -614.869489, 831.026311, 836.236662, 1598.694933, 1589.760595, 4.030000
27.312024, -642.119053, -614.807029, 831.019062, 825.372087, 1598.688758, 1593.878199, 4.030000
27.137919, -642.012724, -614.874804, 831.005095, 820.110617, 1598.710922, 1615.999036, 4.030000
26.810783, -641.595594, -614.784811, 830.978521, 810.224534, 1598.756362, 1634.244638, 4.030000
27.265512, -641.976901, -614.711388, 830.969566, 823.966494, 1598.777674, 1615.443954, 4.030000
28.902202, -643.813615, -614.911412, 831.023721, 873.427420, 1598.749458, 1576.655805, 4.030000
29.473347, -644.456860, -614.983513, 831.099726, 890.687458, 1598.716921, 1573.208012, 4.030000
27.951993, -642.829044, -614.877050, 831.117044, 844.712012, 1598.726397, 1606.165682, 4.030000
26.015622, -640.752091, -614.736469, 831.059964, 786.194676, 1598.780391, 1641.219381, 4.030000
25.725665, -640.468332, -614.742667, 830.991908, 777.432140, 1598.813713, 1625.037720, 4.030000
27.077555, -641.940687, -614.863132, 830.975805, 818.286408, 1598.774891, 1568.183844, 4.030000
28.231986, -643.208833, -614.976847, 831.003903, 853.173409, 1598.724115, 1558.661874, 4.030000
27.837236, -642.683153, -614.845917, 831.016849, 841.244031, 1598.754513, 1622.768532, 4.030000
27.226750, -641.978459, -614.751709, 831.006468, 822.795084, 1598.869682, 1689.968542, 4.030000
27.361086, -642.251583, -614.890497, 831.001233, 826.854732, 1599.013070, 1712.576503, 4.030000
27.088405, -641.944579, -614.856174, 830.985632, 818.614279, 1599.146843, 1705.228892, 4.030000
26.740120, -641.521129, -614.781009, 830.956831, 808.089084, 1599.236371, 1670.321448, 4.030000
27.281559, -642.113734, -614.832176, 830.948659, 824.451407, 1599.249279, 1609.510701, 4.030000
27.918900, -642.863051, -614.944151, 830.964673, 843.711931, 1599.186302, 1549.056918, 4.030000
27.663259, -642.489643, -614.826384, 830.970966, 835.986424, 1599.121629, 1547.577509, 4.030000
27.713722, -642.509040, -614.795318, 830.979151, 837.511425, 1599.077473, 1563.840897, 4.030000
28.694318, -643.577558, -614.883239, 831.024359, 867.145148, 1599.003558, 1539.944980, 4.030000
29.462293, -644.398759, -614.936466, 831.098428, 890.353413, 1598.890594, 1508.520036, 4.030000
29.119973, -644.016489, -614.896516, 831.159413, 880.008479, 1598.756847, 1491.624803, 4.030000
27.908458, -642.774671, -614.866213, 831.174652, 843.396384, 1598.632767, 1499.120873, 4.030000
26.323583, -641.175296, -614.851713, 831.130282, 795.501300, 1598.560287, 1540.359185, 4.030000
24.753301, -639.535223, -614.781922, 831.027073, 748.047200, 1598.548038, 1588.699947, 4.030000
24.301094, -638.986148, -614.685054, 830.907165, 734.381477, 1598.561191, 1609.149002, 4.030000
26.021732, -640.791988, -614.770256, 830.851988, 786.379330, 1598.540342, 1581.736096, 4.030000
28.572300, -643.543335, -614.971035, 830.892342, 863.457744, 1598.455231, 1529.770556, 4.030000
29.200306, -644.201650, -615.001344, 830.956055, 882.436152, 1598.371136, 1530.422303, 4.030000
27.551112, -642.328768, -614.777656, 830.958081, 832.597352, 1598.371031, 1598.286214, 4.030000
26.503613, -641.176305, -614.672692, 830.921070, 800.941829, 1598.422243, 1639.904058, 4.030000
27.311761, -642.225970, -614.914209, 830.914226, 825.364129, 1598.427425, 1602.629530, 4.030000
27.758793, -642.687100, -614.928306, 830.924016, 838.873488, 1598.388685, 1566.931904, 4.030000
27.322714, -642.145136, -614.822422, 830.917593, 825.695115, 1598.341642, 1560.096220, 4.030000
27.254379, -642.060763, -614.806384, 830.908651, 823.630046, 1598.300243, 1564.601017, 4.030000
27.823505, -642.677951, -614.854446, 830.920808, 840.829089, 1598.252484, 1559.329135, 4.030000
28.334322, -643.212936, -614.878614, 830.951831, 856.266029, 1598.196740, 1552.709301, 4.030000
28.263114, -643.154659, -614.891545, 830.980146, 854.114115, 1598.147967, 1558.300685, 4.030000
27.563588, -642.412710, -614.849121, 830.982581, 832.974380, 1598.119430, 1574.776421, 4.030000
26.831599, -641.650624, -614.819025, 830.958034, 810.853582, 1598.100281, 1582.417242, 4.030000
26.577812, -641.389366, -614.811554, 830.924204, 803.184120, 1598.076767, 1578.795449, 4.030000
26.915025, -641.740700, -614.825675, 830.902855, 813.374719, 1598.045609, 1572.464130, 4.030000
27.406412, -642.307177, -614.900765, 830.899600, 828.224488, 1598.011608, 1570.063283, 4.030000
27.257691, -642.125124, -614.867433, 830.890900, 823.730118, 1597.969288, 1563.140067, 4.030000
26.892667, -641.691623, -614.798956, 830.868849, 812.699066, 1597.902288, 1542.694416, 4.030000
27.292230, -642.095174, -614.802943, 830.861470, 824.773910, 1597.808294, 1520.262668, 4.030000
28.229123, -643.136990, -614.907867, 830.888345, 853.086889, 1597.712627, 1518.691930, 4.030000
28.444440, -643.342153, -614.897713, 830.923013, 859.593786, 1597.657283, 1551.887760, 4.030000
27.832736, -642.683278, -614.850542, 830.935299, 841.108044, 1597.645400, 1587.806321, 4.030000
27.050843, -641.879096, -614.828253, 830.919087, 817.479149, 1597.644983, 1597.298837, 4.030000
26.582000, -641.383249, -614.801249, 830.885864, 803.310683, 1597.624139, 1580.323637, 4.030000
26.658496, -641.489758, -614.831262, 830.855499, 805.622397, 1597.561297, 1545.339980, 4.030000
26.931260, -641.783840, -614.852580, 830.835103, 813.865345, 1597.502101, 1548.251266, 4.030000
27.036582, -641.874860, -614.838278, 830.818572, 817.048193, 1597.507124, 1601.690828, 4.030000
27.361395, -642.111473, -614.750078, 830.813836, 826.864079, 1597.554109, 1636.739691, 4.030000
28.468593, -643.353262, -614.884669, 830.849135, 860.323712, 1597.576644, 1616.393152, 4.030000
28.891707, -643.837398, -614.945691, 830.899626, 873.110248, 1597.581194, 1601.384895, 4.030000
27.930382, -642.716887, -614.786505, 830.915329, 844.058921, 1597.599759, 1613.139358, 4.030000
27.298926, -642.055495, -614.756569, 830.908250, 824.976259, 1597.602447, 1599.854411, 4.030000
27.503469, -642.345322, -614.841853, 830.908547, 831.157571, 1597.572727, 1572.638264, 4.030000
27.566242, -642.418027, -614.851784, 830.911099, 833.054578, 1597.551126, 1579.406245, 4.030000
27.199702, -642.030831, -614.831129, 830.900489, 821.977705, 1597.573211, 1616.146537, 4.030000
26.811288, -641.640742, -614.829454, 830.875980, 810.239782, 1597.648581, 1661.109612, 4.030000
26.874612, -641.662971, -614.788359, 830.853797, 812.153435, 1597.754836, 1687.328280, 4.030000
27.592350, -642.470800, -614.878451, 830.857336, 833.843548, 1597.837824, 1667.879774, 4.030000
28.011251, -642.919073, -614.907822, 830.875829, 846.502776, 1597.906783, 1656.176550, 4.030000
27.644964, -642.445944, -614.800980, 830.881210, 835.433553, 1597.979618, 1659.598118, 4.030000
27.448215, -642.238431, -614.790216, 830.879567, 829.487788, 1598.028297, 1639.259761, 4.030000
27.511501, -642.391530, -614.880029, 830.880180, 831.400290, 1598.030624, 1600.003828, 4.030000
26.927332, -641.759042, -614.831709, 830.860023, 813.746651, 1598.011571, 1581.835990, 4.030000
26.285570, -641.020142, -614.734573, 830.817123, 794.352524, 1597.991789, 1581.176652, 4.030000
27.033319, -641.779251, -614.745932, 830.800847, 816.949590, 1597.953912, 1565.720679, 4.030000
28.712147, -643.647151, -614.935004, 830.844086, 867.683919, 1597.879967, 1534.879150, 4.030000
29.082470, -644.022909, -614.940439, 830.900329, 878.875142, 1597.818104, 1545.048480, 4.030000
27.860004, -642.678779, -614.818775, 830.913231, 841.932087, 1597.832312, 1609.966289, 4.030000
26.653289, -641.410731, -614.757443, 830.883502, 805.465026, 1597.913597, 1667.412161, 4.030000
26.547285, -641.339693, -614.792408, 830.850104, 802.261595, 1598.000383, 1672.289059, 4.030000
27.167220, -642.006277, -614.839057, 830.838620, 820.996087, 1598.053347, 1643.443817, 4.030000
27.727494, -642.564948, -614.837454, 830.846872, 837.927636, 1598.060927, 1604.564615, 4.030000
28.200254, -643.015613, -614.815358, 830.871718, 852.214483, 1598.036504, 1577.057220, 4.030000
28.711663, -643.606343, -614.894680, 830.914456, 867.669292, 1597.986741, 1555.189883, 4.030000
28.377834, -643.316166, -614.938332, 830.945392, 857.580948, 1597.937636, 1555.658236, 4.030000
26.743345, -641.598168, -614.854824, 830.919020, 808.186529, 1597.929600, 1591.002952, 4.030000
25.147337, -639.877784, -614.730446, 830.836886, 759.955028, 1597.954098, 1619.096090, 4.030000
25.387147, -640.111687, -614.724540, 830.763320, 767.202111, 1597.958979, 1602.175544, 4.030000
27.217239, -642.145935, -614.928696, 830.753787, 822.507661, 1597.931074, 1573.793390, 4.030000
28.258621, -643.199049, -614.940428, 830.780574, 853.978337, 1597.897887, 1569.158547, 4.030000
27.911041, -642.737866, -614.826825, 830.795198, 843.474428, 1597.871137, 1574.678427, 4.030000
27.448243, -642.270674, -614.822431, 830.793695, 829.488618, 1597.813590, 1547.863024, 4.030000
27.229743, -642.080319, -614.850576, 830.784605, 822.885545, 1597.707419, 1505.444818, 4.030000
27.026155, -641.830588, -614.804433, 830.768472, 816.733080, 1597.604150, 1507.760287, 4.030000
27.397063, -642.185781, -614.788719, 830.765231, 827.941955, 1597.554572, 1554.372167, 4.030000
28.284087, -643.162305, -614.878218, 830.792702, 854.747913, 1597.553320, 1596.461259, 4.030000
28.562503, -643.452900, -614.890397, 830.829738, 863.161674, 1597.554033, 1598.176472, 4.030000
27.925907, -642.771391, -614.845484, 830.844702, 843.923679, 1597.538021, 1583.543236, 4.030000
27.275353, -642.045875, -614.770521, 830.837190, 824.263889, 1597.501629, 1565.658949, 4.030000
27.723137, -642.529772, -614.806635, 830.845125, 837.795951, 1597.408167, 1515.535314, 4.030000
28.803652, -643.732539, -614.928888, 830.890232, 870.449216, 1597.246189, 1455.191717, 4.030000
28.812192, -643.774734, -614.962542, 830.935530, 870.707311, 1597.103077, 1471.450355, 4.030000
27.186661, -642.039417, -614.852756, 830.924903, 821.583594, 1597.067432, 1565.736038, 4.030000
25.690438, -640.383919, -614.693481, 830.862976, 776.367589, 1597.114305, 1638.362000, 4.030000
26.303153, -641.082252, -614.779099, 830.822184, 794.883883, 1597.131349, 1612.146919, 4.030000
28.117962, -643.039606, -614.921644, 830.843594, 849.727603, 1597.059394, 1533.595561, 4.030000
28.970040, -643.916082, -614.946042, 830.894085, 875.477491, 1596.970980, 1518.901401, 4.030000
28.187090, -643.075937, -614.888847, 830.917726, 851.816663, 1596.955266, 1583.064228, 4.030000
26.556828, -641.352051, -614.795223, 830.885708, 802.549966, 1597.023185, 1657.131511, 4.030000
25.670771, -640.380881, -614.710110, 830.823575, 775.773243, 1597.123975, 1686.423445, 4.030000
26.756688, -641.522540, -614.765851, 830.798537, 808.589771, 1597.185420, 1651.687376, 4.030000
28.581191, -643.568373, -614.987182, 830.835576, 863.726426, 1597.158380, 1573.147061, 4.030000
28.467366, -643.410336, -614.942970, 830.868667, 860.286641, 1597.108121, 1552.427959, 4.030000
26.709187, -641.470676, -614.761489, 830.842052, 807.154277, 1597.118455, 1606.315602, 4.030000
25.786086, -640.513505, -614.727419, 830.784222, 779.258092, 1597.173395, 1646.124821, 4.030000
26.623929, -641.424490, -614.800560, 830.754876, 804.577783, 1597.216621, 1635.774380, 4.030000
28.163600, -643.066379, -614.902780, 830.777641, 851.106778, 1597.204558, 1586.431727, 4.030000
29.020673, -643.909774, -614.889101, 830.829294, 877.007609, 1597.121182, 1522.583153, 4.030000
28.916975, -643.831553, -614.914579, 830.877335, 873.873841, 1596.998983, 1487.630822, 4.030000
27.834786, -642.685710, -614.850923, 830.888809, 841.170004, 1596.905269, 1512.937698, 4.030000
26.846258, -641.561782, -614.715524, 830.866992, 811.296597, 1596.853720, 1550.614372, 4.030000
27.309062, -642.154215, -614.845153, 830.860780, 825.282577, 1596.804874, 1552.941174, 4.030000
27.984259, -642.926567, -614.942308, 830.877254, 845.687090, 1596.745076, 1542.986319, 4.030000
27.572303, -642.436637, -614.864335, 830.879874, 833.237721, 1596.700167, 1556.282355, 4.030000
26.902857, -641.676083, -614.773226, 830.860059, 813.007006, 1596.682217, 1580.508957, 4.030000
26.953001, -641.798496, -614.845495, 830.841966, 814.522368, 1596.659152, 1575.855202, 4.030000
27.042792, -641.934269, -614.891477, 830.826915, 817.235863, 1596.616075, 1557.717173, 4.030000
26.695973, -641.517754, -614.821781, 830.800316, 806.754941, 1596.597410, 1579.724308, 4.030000
26.713997, -641.504991, -614.790994, 830.774377, 807.299652, 1596.619278, 1616.409436, 4.030000
27.398106, -642.263509, -614.865403, 830.771289, 827.973482, 1596.655823, 1629.765909, 4.030000
27.797254, -642.695895, -614.898641, 830.781492, 840.035772, 1596.666658, 1606.494380, 4.030000
27.623465, -642.429900, -614.806435, 830.785895, 834.783848, 1596.617196, 1551.705468, 4.030000
28.046311, -642.839941, -614.793629, 830.804331, 847.562315, 1596.507603, 1496.887358, 4.030000
28.786030, -643.806688, -615.020659, 830.847265, 869.916674, 1596.389352, 1488.781194, 4.030000
27.687661, -642.586984, -614.899322, 830.853708, 836.723872, 1596.345946, 1556.803162, 4.030000
25.926351, -640.644784, -614.718433, 830.801839, 783.496908, 1596.374495, 1622.411150, 4.030000
25.759038, -640.550961, -614.791923, 830.744551, 778.440695, 1596.387523, 1608.281500, 4.030000
26.780043, -641.627354, -614.847310, 830.721109, 809.295566, 1596.360118, 1571.312723, 4.030000
27.857585, -642.748277, -614.890692, 830.733269, 841.858989, 1596.333602, 1572.071269, 4.030000
28.308012, -643.170907, -614.862895, 830.760245, 855.470926, 1596.345507, 1607.250701, 4.030000
28.409241, -643.221539, -614.812298, 830.790496, 858.530072, 1596.396090, 1642.780591, 4.030000
28.751885, -643.577185, -614.825299, 830.831948, 868.884831, 1596.449176, 1645.182049, 4.030000
29.082096, -643.966780, -614.884683, 830.884156, 878.863829, 1596.466117, 1612.034341, 4.030000
28.531538, -643.453487, -614.921949, 830.918186, 862.225921, 1596.451957, 1583.425571, 4.030000
26.848089, -641.663215, -614.815125, 830.896965, 811.351927, 1596.442958, 1588.154101, 4.030000
25.630477, -640.326004, -614.695527, 830.835923, 774.555558, 1596.429177, 1583.723380, 4.030000
26.480009, -641.232744, -614.752734, 830.802798, 800.228509, 1596.349960, 1523.233005, 4.030000
28.401548, -643.356415, -614.954867, 830.832522, 858.297605, 1596.193560, 1451.679889, 4.030000
28.692530, -643.710930, -615.018401, 830.871678, 867.091090, 1596.056962, 1469.703266, 4.030000
26.743518, -641.540327, -614.796810, 830.847213, 808.191755, 1596.021098, 1562.811750, 4.030000
25.497343, -640.165663, -614.668320, 830.782218, 770.532236, 1596.049618, 1622.487113, 4.030000
26.406004, -641.290065, -614.884061, 830.746922, 797.992053, 1596.065493, 1610.797538, 4.030000
27.197866, -642.124052, -614.926185, 830.737433, 821.922222, 1596.049189, 1580.902830, 4.030000
26.945208, -641.741596, -614.796388, 830.719763, 814.286850, 1596.017037, 1566.115956, 4.030000
27.047813, -641.803399, -614.755586, 830.705458, 817.387588, 1595.968158, 1550.461819, 4.030000
27.949829, -642.819825, -614.869996, 830.720400, 844.646603, 1595.886456, 1519.739737, 4.030000
28.368326, -643.258209, -614.889883, 830.748851, 857.293623, 1595.793913, 1509.451307, 4.030000
27.963130, -642.777450, -614.814320, 830.764145, 845.048565, 1595.731156, 1537.116159, 4.030000
27.625038, -642.411371, -614.786333, 830.768491, 834.831403, 1595.695982, 1562.808625, 4.030000
27.719784, -642.560971, -614.841187, 830.775882, 837.694622, 1595.646939, 1549.742261, 4.030000
27.709238, -642.579030, -614.869792, 830.782919, 837.375933, 1595.589019, 1541.318129, 4.030000
27.274561, -642.109522, -614.834961, 830.775951, 824.239929, 1595.561624, 1569.865114, 4.030000
26.819661, -641.639698, -614.820036, 830.754373, 810.492827, 1595.559642, 1593.698866, 4.030000
26.537572, -641.391578, -614.854005, 830.723782, 801.968075, 1595.555773, 1591.919024, 4.030000
26.236572, -641.042652, -614.806080, 830.683599, 792.871823, 1595.535266, 1576.238281, 4.030000
26.497758, -641.259212, -614.761454, 830.651872, 800.764882, 1595.486859, 1549.886820, 4.030000
27.688585, -642.557303, -614.868719, 830.658334, 836.751773, 1595.403329, 1516.634633, 4.030000
28.476957, -643.448300, -614.971343, 830.689993, 860.576454, 1595.297625, 1495.513069, 4.030000
27.887698, -642.720925, -614.833226, 830.702762, 842.769016, 1595.186200, 1489.889335, 4.030000
27.699454, -642.425481, -614.726027, 830.709496, 837.080238, 1595.063283, 1478.783831, 4.030000
29.124617, -643.996373, -614.871756, 830.761647, 880.148805, 1594.907876, 1447.738196, 4.030000
30.215306, -645.228993, -615.013687, 830.848421, 913.109541, 1594.727838, 1424.051058, 4.030000
28.941007, -643.876392, -614.935385, 830.894475, 874.600103, 1594.603336, 1476.451203, 4.030000
26.490116, -641.164669, -614.674553, 830.862550, 800.533947, 1594.595537, 1587.186560, 4.030000
25.873069, -640.614448, -614.741379, 830.811105, 781.886727, 1594.657073, 1653.178097, 4.030000
26.421541, -641.384819, -614.963278, 830.777160, 798.461599, 1594.723655, 1658.109217, 4.030000
25.891235, -640.713335, -614.822099, 830.726488, 782.435702, 1594.794045, 1661.875508, 4.030000
25.364124, -640.136450, -614.772326, 830.659241, 766.506355, 1594.870605, 1667.908831, 4.030000
25.629916, -640.502054, -614.872138, 830.600538, 774.538608, 1594.945550, 1666.518255, 4.030000
25.862157, -640.699701, -614.837544, 830.549291, 781.556953, 1595.019762, 1665.966184, 4.030000
26.579534, -641.333014, -614.753480, 830.520780, 803.236156, 1595.057257, 1630.940259, 4.030000
28.526348, -643.405212, -614.878864, 830.553677, 862.069076, 1595.006656, 1546.530998, 4.030000
30.325557, -645.251599, -614.926043, 830.643143, 916.441329, 1594.874842, 1468.465601, 4.030000
30.871408, -645.798068, -614.926661, 830.749589, 932.937003, 1594.712238, 1438.611847, 4.030000
29.892670, -644.822866, -614.930196, 830.825067, 903.359450, 1594.579555, 1467.071386, 4.030000
27.703295, -642.518482, -614.815187, 830.831683, 837.196323, 1594.538248, 1554.800887, 4.030000
25.839184, -640.601033, -614.761850, 830.779848, 780.862702, 1594.592170, 1646.519063, 4.030000
25.389912, -640.171670, -614.781758, 830.714051, 767.285648, 1594.686748, 1685.860233, 4.030000
26.182048, -641.033418, -614.851371, 830.673171, 791.224082, 1594.756185, 1661.762909, 4.030000
27.271451, -642.157796, -614.886345, 830.666421, 824.145961, 1594.745632, 1584.551363, 4.030000
28.028563, -642.914380, -614.885817, 830.683321, 847.025970, 1594.651524, 1503.648748, 4.030000
28.463082, -643.339223, -614.876141, 830.713738, 860.157155, 1594.522306, 1469.439838, 4.030000
28.473293, -643.390834, -614.917542, 830.744410, 860.465732, 1594.425105, 1500.237221, 4.030000
27.795409, -642.637926, -614.842517, 830.753921, 839.980010, 1594.405601, 1575.486518, 4.030000
27.136507, -641.945633, -614.809126, 830.742928, 820.067932, 1594.432406, 1620.459897, 4.030000
27.015996, -641.833454, -614.817458, 830.728213, 816.426096, 1594.416729, 1579.179151, 4.030000
27.373098, -642.184686, -614.811588, 830.724609, 827.217728, 1594.316247, 1496.547183, 4.030000
27.940970, -642.821820, -614.880849, 830.738614, 844.378900, 1594.174209, 1455.828819, 4.030000
27.883792, -642.776387, -614.892594, 830.750819, 842.650974, 1594.063588, 1486.208460, 4.030000
26.976701, -641.814027, -614.837326, 830.734942, 815.238580, 1594.037481, 1568.557220, 4.030000
26.016981, -640.803612, -614.786632, 830.689441, 786.235740, 1594.088287, 1643.725068, 4.030000
25.801584, -640.587624, -614.786040, 830.637385, 779.726417, 1594.161873, 1666.128786, 4.030000
26.298906, -641.135748, -614.836842, 830.600771, 794.755553, 1594.204352, 1635.791427, 4.030000
26.951727, -641.790869, -614.839142, 830.584342, 814.483856, 1594.193083, 1583.149703, 4.030000
27.477940, -642.340505, -614.862564, 830.584140, 830.386084, 1594.145192, 1547.164562, 4.030000
27.852692, -642.659653, -614.806961, 830.595459, 841.711121, 1594.080373, 1530.428196, 4.030000
28.484745, -643.333504, -614.848759, 830.626167, 860.811825, 1594.013919, 1528.689065, 4.030000
28.799205, -643.718848, -614.919643, 830.666460, 870.314828, 1593.978506, 1559.131748, 4.030000
28.170861, -642.991988, -614.821126, 830.687413, 851.326227, 1593.982247, 1597.667988, 4.030000
27.597981, -642.370765, -614.772784, 830.690783, 834.013722, 1593.992697, 1604.295717, 4.030000
27.743611, -642.576913, -614.833301, 830.698601, 838.414691, 1593.982611, 1584.028036, 4.030000
27.899184, -642.787744, -614.888560, 830.711157, 843.116115, 1593.961849, 1573.448714, 4.030000
27.387595, -642.254193, -614.866598, 830.708071, 827.655848, 1593.961994, 1594.105352, 4.030000
26.630715, -641.438696, -614.807981, 830.681910, 804.782840, 1593.992915, 1624.604890, 4.030000
26.568640, -641.341541, -614.772900, 830.653911, 802.906948, 1594.010058, 1610.999310, 4.030000
27.760978, -642.623186, -614.862209, 830.662255, 838.939502, 1593.954276, 1538.617790, 4.030000
28.976465, -643.946180, -614.969715, 830.707536, 875.671662, 1593.853037, 1493.323445, 4.030000
28.673479, -643.575432, -614.901953, 830.743524, 866.515377, 1593.795864, 1536.965116, 4.030000
27.610099, -642.409203, -614.799104, 830.747175, 834.379936, 1593.820320, 1618.154103, 4.030000
26.936471, -641.814287, -614.877816, 830.730400, 814.022834, 1593.890694, 1663.983886, 4.030000
26.296664, -641.115232, -614.818568, 830.694285, 794.687787, 1593.958020, 1661.082132, 4.030000
26.265260, -640.998158, -614.732898, 830.657293, 793.738767, 1593.972943, 1608.865155, 4.030000
27.631939, -642.485790, -614.853851, 830.661676, 835.039940, 1593.900709, 1521.739299, 4.030000
