1000, 1009, 1090, 1099, 1900, 1909, 1990, 1999
1000, 1001, 1090, 1091, 1900, 1901, 1990, 1991
1001, 1002, 1091, 1092, 1901, 1902, 1991, 1992
1002, 1003, 1092, 1093, 1902, 1903, 1992, 1993
1003, 1004, 1093, 1094, 1903, 1904, 1993, 1994
1004, 1005, 1094, 1095, 1904, 1905, 1994, 1995
1005, 1006, 1095, 1096, 1905, 1906, 1995, 1996
1006, 1007, 1096, 1097, 1906, 1907, 1996, 1997
1007, 1008, 1097, 1098, 1907, 1908, 1997, 1998
1008, 1009, 1098, 1099, 1908, 1909, 1998, 1999
1000, 1009, 1010, 1019, 1900, 1909, 1910, 1919
1000, 1001, 1010, 1011, 1900, 1901, 1910, 1911
1001, 1002, 1011, 1012, 1901, 1902, 1911, 1912
1002, 1003, 1012, 1013, 1902, 1903, 1912, 1913
1003, 1004, 1013, 1014, 1903, 1904, 1913, 1914
1004, 1005, 1014, 1015, 1904, 1905, 1914, 1915
1005, 1006, 1015, 1016, 1905, 1906, 1915, 1916
1006, 1007, 1016, 1017, 1906, 1907, 1916, 1917
1007, 1008, 1017, 1018, 1907, 1908, 1917, 1918
1008, 1009, 1018, 1019, 1908, 1909, 1918, 1919
1010, 1019, 1020, 1029, 1910, 1919, 1920, 1929
1010, 1011, 1020, 1021, 1910, 1911, 1920, 1921
1011, 1012, 1021, 1022, 1911, 1912, 1921, 1922
1012, 1013, 1022, 1023, 1912, 1913, 1922, 1923
1013, 1014, 1023, 1024, 1913, 1914, 1923, 1924
1014, 1015, 1024, 1025, 1914, 1915, 1924, 1925
1015, 1016, 1025, 1026, 1915, 1916, 1925, 1926
1016, 1017, 1026, 1027, 1916, 1917, 1926, 1927
1017, 1018, 1027, 1028, 1917, 1918, 1927, 1928
1018, 1019, 1028, 1029, 1918, 1919, 1928, 1929
1020, 1029, 1030, 1039, 1920, 1929, 1930, 1939
1020, 1021, 1030, 1031, 1920, 1921, 1930, 1931
1021, 1022, 1031, 1032, 1921, 1922, 1931, 1932
1022, 1023, 1032, 1033, 1922, 1923, 1932, 1933
1023, 1024, 1033, 1034, 1923, 1924, 1933, 1934
1024, 1025, 1034, 1035, 1924, 1925, 1934, 1935
1025, 1026, 1035, 1036, 1925, 1926, 1935, 1936
1026, 1027, 1036, 1037, 1926, 1927, 1936, 1937
1027, 1028, 1037, 1038, 1927, 1928, 1937, 1938
1028, 1029, 1038, 1039, 1928, 1929, 1938, 1939
1030, 1039, 1040, 1049, 1930, 1939, 1940, 1949
1030, 1031, 1040, 1041, 1930, 1931, 1940, 1941
1031, 1032, 1041, 1042, 1931, 1932, 1941, 1942
1032, 1033, 1042, 1043, 1932, 1933, 1942, 1943
1033, 1034, 1043, 1044, 1933, 1934, 1943, 1944
1034, 1035, 1044, 1045, 1934, 1935, 1944, 1945
1035, 1036, 1045, 1046, 1935, 1936, 1945, 1946
1036, 1037, 1046, 1047, 1936, 1937, 1946, 1947
1037, 1038, 1047, 1048, 1937, 1938, 1947, 1948
1038, 1039, 1048, 1049, 1938, 1939, 1948, 1949
1040, 1049, 1050, 1059, 1940, 1949, 1950, 1959
1040, 1041, 1050, 1051, 1940, 1941, 1950, 1951
1041, 1042, 1051, 1052, 1941, 1942, 1951, 1952
1042, 1043, 1052, 1053, 1942, 1943, 1952, 1953
1043, 1044, 1053, 1054, 1943, 1944, 1953, 1954
1044, 1045, 1054, 1055, 1944, 1945, 1954, 1955
1045, 1046, 1055, 1056, 1945, 1946, 1955, 1956
1046, 1047, 1056, 1057, 1946, 1947, 1956, 1957
1047, 1048, 1057, 1058, 1947, 1948, 1957, 1958
1048, 1049, 1058, 1059, 1948, 1949, 1958, 1959
1050, 1059, 1060, 1069, 1950, 1959, 1960, 1969
1050, 1051, 1060, 1061, 1950, 1951, 1960, 1961
1051, 1052, 1061, 1062, 1951, 1952, 1961, 1962
1052, 1053, 1062, 1063, 1952, 1953, 1962, 1963
1053, 1054, 1063, 1064, 1953, 1954, 1963, 1964
1054, 1055, 1064, 1065, 1954, 1955, 1964, 1965
1055, 1056, 1065, 1066, 1955, 1956, 1965, 1966
1056, 1057, 1066, 1067, 1956, 1957, 1966, 1967
1057, 1058, 1067, 1068, 1957, 1958, 1967, 1968
1058, 1059, 1068, 1069, 1958, 1959, 1968, 1969
1060, 1069, 1070, 1079, 1960, 1969, 1970, 1979
1060, 1061, 1070, 1071, 1960, 1961, 1970, 1971
1061, 1062, 1071, 1072, 1961, 1962, 1971, 1972
1062, 1063, 1072, 1073, 1962, 1963, 1972, 1973
1063, 1064, 1073, 1074, 1963, 1964, 1973, 1974
1064, 1065, 1074, 1075, 1964, 1965, 1974, 1975
1065, 1066, 1075, 1076, 1965, 1966, 1975, 1976
1066, 1067, 1076, 1077, 1966, 1967, 1976, 1977
1067, 1068, 1077, 1078, 1967, 1968, 1977, 1978
1068, 1069, 1078, 1079, 1968, 1969, 1978, 1979
1070, 1079, 1080, 1089, 1970, 1979, 1980, 1989
1070, 1071, 1080, 1081, 1970, 1971, 1980, 1981
1071, 1072, 1081, 1082, 1971, 1972, 1981, 1982
1072, 1073, 1082, 1083, 1972, 1973, 1982, 1983
1073, 1074, 1083, 1084, 1973, 1974, 1983, 1984
1074, 1075, 1084, 1085, 1974, 1975, 1984, 1985
1075, 1076, 1085, 1086, 1975, 1976, 1985, 1986
1076, 1077, 1086, 1087, 1976, 1977, 1986, 1987
1077, 1078, 1087, 1088, 1977, 1978, 1987, 1988
1078, 1079, 1088, 1089, 1978, 1979, 1988, 1989
1080, 1089, 1090, 1099, 1980, 1989, 1990, 1999
1080, 1081, 1090, 1091, 1980, 1981, 1990, 1991
1081, 1082, 1091, 1092, 1981, 1982, 1991, 1992
1082, 1083, 1092, 1093, 1982, 1983, 1992, 1993
1083, 1084, 1093, 1094, 1983, 1984, 1993, 1994
1084, 1085, 1094, 1095, 1984, 1985, 1994, 1995
1085, 1086, 1095, 1096, 1985, 1986, 1995, 1996
1086, 1087, 1096, 1097, 1986, 1987, 1996, 1997
1087, 1088, 1097, 1098, 1987, 1988, 1997, 1998
1088, 1089, 1098, 1099, 1988, 1989, 1998, 1999
1000, 1009, 1090, 1099, 1100, 1109, 1190, 1199
1000, 1001, 1090, 1091, 1100, 1101, 1190, 1191
1001, 1002, 1091, 1092, 1101, 1102, 1191, 1192
1002, 1003, 1092, 1093, 1102, 1103, 1192, 1193
1003, 1004, 1093, 1094, 1103, 1104, 1193, 1194
1004, 1005, 1094, 1095, 1104, 1105, 1194, 1195
1005, 1006, 1095, 1096, 1105, 1106, 1195, 1196
1006, 1007, 1096, 1097, 1106, 1107, 1196, 1197
1007, 1008, 1097, 1098, 1107, 1108, 1197, 1198
1008, 1009, 1098, 1099, 1108, 1109, 1198, 1199
1000, 1009, 1010, 1019, 1100, 1109, 1110, 1119
1000, 1001, 1010, 1011, 1100, 1101, 1110, 1111
1001, 1002, 1011, 1012, 1101, 1102, 1111, 1112
1002, 1003, 1012, 1013, 1102, 1103, 1112, 1113
1003, 1004, 1013, 1014, 1103, 1104, 1113, 1114
1004, 1005, 1014, 1015, 1104, 1105, 1114, 1115
1005, 1006, 1015, 1016, 1105, 1106, 1115, 1116
1006, 1007, 1016, 1017, 1106, 1107, 1116, 1117
1007, 1008, 1017, 1018, 1107, 1108, 1117, 1118
1008, 1009, 1018, 1019, 1108, 1109, 1118, 1119
1010, 1019, 1020, 1029, 1110, 1119, 1120, 1129
1010, 1011, 1020, 1021, 1110, 1111, 1120, 1121
1011, 1012, 1021, 1022, 1111, 1112, 1121, 1122
1012, 1013, 1022, 1023, 1112, 1113, 1122, 1123
1013, 1014, 1023, 1024, 1113, 1114, 1123, 1124
1014, 1015, 1024, 1025, 1114, 1115, 1124, 1125
1015, 1016, 1025, 1026, 1115, 1116, 1125, 1126
1016, 1017, 1026, 1027, 1116, 1117, 1126, 1127
1017, 1018, 1027, 1028, 1117, 1118, 1127, 1128
1018, 1019, 1028, 1029, 1118, 1119, 1128, 1129
1020, 1029, 1030, 1039, 1120, 1129, 1130, 1139
1020, 1021, 1030, 1031, 1120, 1121, 1130, 1131
1021, 1022, 1031, 1032, 1121, 1122, 1131, 1132
1022, 1023, 1032, 1033, 1122, 1123, 1132, 1133
1023, 1024, 1033, 1034, 1123, 1124, 1133, 1134
1024, 1025, 1034, 1035, 1124, 1125, 1134, 1135
1025, 1026, 1035, 1036, 1125, 1126, 1135, 1136
1026, 1027, 1036, 1037, 1126, 1127, 1136, 1137
1027, 1028, 1037, 1038, 1127, 1128, 1137, 1138
1028, 1029, 1038, 1039, 1128, 1129, 1138, 1139
1030, 1039, 1040, 1049, 1130, 1139, 1140, 1149
1030, 1031, 1040, 1041, 1130, 1131, 1140, 1141
1031, 1032, 1041, 1042, 1131, 1132, 1141, 1142
1032, 1033, 1042, 1043, 1132, 1133, 1142, 1143
1033, 1034, 1043, 1044, 1133, 1134, 1143, 1144
1034, 1035, 1044, 1045, 1134, 1135, 1144, 1145
1035, 1036, 1045, 1046, 1135, 1136, 1145, 1146
1036, 1037, 1046, 1047, 1136, 1137, 1146, 1147
1037, 1038, 1047, 1048, 1137, 1138, 1147, 1148
1038, 1039, 1048, 1049, 1138, 1139, 1148, 1149
1040, 1049, 1050, 1059, 1140, 1149, 1150, 1159
1040, 1041, 1050, 1051, 1140, 1141, 1150, 1151
1041, 1042, 1051, 1052, 1141, 1142, 1151, 1152
1042, 1043, 1052, 1053, 1142, 1143, 1152, 1153
1043, 1044, 1053, 1054, 1143, 1144, 1153, 1154
1044, 1045, 1054, 1055, 1144, 1145, 1154, 1155
1045, 1046, 1055, 1056, 1145, 1146, 1155, 1156
1046, 1047, 1056, 1057, 1146, 1147, 1156, 1157
1047, 1048, 1057, 1058, 1147, 1148, 1157, 1158
1048, 1049, 1058, 1059, 1148, 1149, 1158, 1159
1050, 1059, 1060, 1069, 1150, 1159, 1160, 1169
1050, 1051, 1060, 1061, 1150, 1151, 1160, 1161
1051, 1052, 1061, 1062, 1151, 1152, 1161, 1162
1052, 1053, 1062, 1063, 1152, 1153, 1162, 1163
1053, 1054, 1063, 1064, 1153, 1154, 1163, 1164
1054, 1055, 1064, 1065, 1154, 1155, 1164, 1165
1055, 1056, 1065, 1066, 1155, 1156, 1165, 1166
1056, 1057, 1066, 1067, 1156, 1157, 1166, 1167
1057, 1058, 1067, 1068, 1157, 1158, 1167, 1168
1058, 1059, 1068, 1069, 1158, 1159, 1168, 1169
1060, 1069, 1070, 1079, 1160, 1169, 1170, 1179
1060, 1061, 1070, 1071, 1160, 1161, 1170, 1171
1061, 1062, 1071, 1072, 1161, 1162, 1171, 1172
1062, 1063, 1072, 1073, 1162, 1163, 1172, 1173
1063, 1064, 1073, 1074, 1163, 1164, 1173, 1174
1064, 1065, 1074, 1075, 1164, 1165, 1174, 1175
1065, 1066, 1075, 1076, 1165, 1166, 1175, 1176
1066, 1067, 1076, 1077, 1166, 1167, 1176, 1177
1067, 1068, 1077, 1078, 1167, 1168, 1177, 1178
1068, 1069, 1078, 1079, 1168, 1169, 1178, 1179
1070, 1079, 1080, 1089, 1170, 1179, 1180, 1189
1070, 1071, 1080, 1081, 1170, 1171, 1180, 1181
1071, 1072, 1081, 1082, 1171, 1172, 1181, 1182
1072, 1073, 1082, 1083, 1172, 1173, 1182, 1183
1073, 1074, 1083, 1084, 1173, 1174, 1183, 1184
1074, 1075, 1084, 1085, 1174, 1175, 1184, 1185
1075, 1076, 1085, 1086, 1175, 1176, 1185, 1186
1076, 1077, 1086, 1087, 1176, 1177, 1186, 1187
1077, 1078, 1087, 1088, 1177, 1178, 1187, 1188
1078, 1079, 1088, 1089, 1178, 1179, 1188, 1189
1080, 1089, 1090, 1099, 1180, 1189, 1190, 1199
1080, 1081, 1090, 1091, 1180, 1181, 1190, 1191
1081, 1082, 1091, 1092, 1181, 1182, 1191, 1192
1082, 1083, 1092, 1093, 1182, 1183, 1192, 1193
1083, 1084, 1093, 1094, 1183, 1184, 1193, 1194
1084, 1085, 1094, 1095, 1184, 1185, 1194, 1195
1085, 1086, 1095, 1096, 1185, 1186, 1195, 1196
1086, 1087, 1096, 1097, 1186, 1187, 1196, 1197
1087, 1088, 1097, 1098, 1187, 1188, 1197, 1198
1088, 1089, 1098, 1099, 1188, 1189, 1198, 1199
1100, 1109, 1190, 1199, 1200, 1209, 1290, 1299
1100, 1101, 1190, 1191, 1200, 1201, 1290, 1291
1101, 1102, 1191, 1192, 1201, 1202, 1291, 1292
1102, 1103, 1192, 1193, 1202, 1203, 1292, 1293
1103, 1104, 1193, 1194, 1203, 1204, 1293, 1294
1104, 1105, 1194, 1195, 1204, 1205, 1294, 1295
1105, 1106, 1195, 1196, 1205, 1206, 1295, 1296
1106, 1107, 1196, 1197, 1206, 1207, 1296, 1297
1107, 1108, 1197, 1198, 1207, 1208, 1297, 1298
1108, 1109, 1198, 1199, 1208, 1209, 1298, 1299
1100, 1109, 1110, 1119, 1200, 1209, 1210, 1219
1100, 1101, 1110, 1111, 1200, 1201, 1210, 1211
1101, 1102, 1111, 1112, 1201, 1202, 1211, 1212
1102, 1103, 1112, 1113, 1202, 1203, 1212, 1213
1103, 1104, 1113, 1114, 1203, 1204, 1213, 1214
1104, 1105, 1114, 1115, 1204, 1205, 1214, 1215
1105, 1106, 1115, 1116, 1205, 1206, 1215, 1216
1106, 1107, 1116, 1117, 1206, 1207, 1216, 1217
1107, 1108, 1117, 1118, 1207, 1208, 1217, 1218
1108, 1109, 1118, 1119, 1208, 1209, 1218, 1219
1110, 1119, 1120, 1129, 1210, 1219, 1220, 1229
1110, 1111, 1120, 1121, 1210, 1211, 1220, 1221
1111, 1112, 1121, 1122, 1211, 1212, 1221, 1222
1112, 1113, 1122, 1123, 1212, 1213, 1222, 1223
1113, 1114, 1123, 1124, 1213, 1214, 1223, 1224
1114, 1115, 1124, 1125, 1214, 1215, 1224, 1225
1115, 1116, 1125, 1126, 1215, 1216, 1225, 1226
1116, 1117, 1126, 1127, 1216, 1217, 1226, 1227
1117, 1118, 1127, 1128, 1217, 1218, 1227, 1228
1118, 1119, 1128, 1129, 1218, 1219, 1228, 1229
1120, 1129, 1130, 1139, 1220, 1229, 1230, 1239
1120, 1121, 1130, 1131, 1220, 1221, 1230, 1231
1121, 1122, 1131, 1132, 1221, 1222, 1231, 1232
1122, 1123, 1132, 1133, 1222, 1223, 1232, 1233
1123, 1124, 1133, 1134, 1223, 1224, 1233, 1234
1124, 1125, 1134, 1135, 1224, 1225, 1234, 1235
1125, 1126, 1135, 1136, 1225, 1226, 1235, 1236
1126, 1127, 1136, 1137, 1226, 1227, 1236, 1237
1127, 1128, 1137, 1138, 1227, 1228, 1237, 1238
1128, 1129, 1138, 1139, 1228, 1229, 1238, 1239
1130, 1139, 1140, 1149, 1230, 1239, 1240, 1249
1130, 1131, 1140, 1141, 1230, 1231, 1240, 1241
1131, 1132, 1141, 1142, 1231, 1232, 1241, 1242
1132, 1133, 1142, 1143, 1232, 1233, 1242, 1243
1133, 1134, 1143, 1144, 1233, 1234, 1243, 1244
1134, 1135, 1144, 1145, 1234, 1235, 1244, 1245
1135, 1136, 1145, 1146, 1235, 1236, 1245, 1246
1136, 1137, 1146, 1147, 1236, 1237, 1246, 1247
1137, 1138, 1147, 1148, 1237, 1238, 1247, 1248
1138, 1139, 1148, 1149, 1238, 1239, 1248, 1249
1140, 1149, 1150, 1159, 1240, 1249, 1250, 1259
1140, 1141, 1150, 1151, 1240, 1241, 1250, 1251
1141, 1142, 1151, 1152, 1241, 1242, 1251, 1252
1142, 1143, 1152, 1153, 1242, 1243, 1252, 1253
1143, 1144, 1153, 1154, 1243, 1244, 1253, 1254
1144, 1145, 1154, 1155, 1244, 1245, 1254, 1255
1145, 1146, 1155, 1156, 1245, 1246, 1255, 1256
1146, 1147, 1156, 1157, 1246, 1247, 1256, 1257
1147, 1148, 1157, 1158, 1247, 1248, 1257, 1258
1148, 1149, 1158, 1159, 1248, 1249, 1258, 1259
1150, 1159, 1160, 1169, 1250, 1259, 1260, 1269
1150, 1151, 1160, 1161, 1250, 1251, 1260, 1261
1151, 1152, 1161, 1162, 1251, 1252, 1261, 1262
1152, 1153, 1162, 1163, 1252, 1253, 1262, 1263
1153, 1154, 1163, 1164, 1253, 1254, 1263, 1264
1154, 1155, 1164, 1165, 1254, 1255, 1264, 1265
1155, 1156, 1165, 1166, 1255, 1256, 1265, 1266
1156, 1157, 1166, 1167, 1256, 1257, 1266, 1267
1157, 1158, 1167, 1168, 1257, 1258, 1267, 1268
1158, 1159, 1168, 1169, 1258, 1259, 1268, 1269
1160, 1169, 1170, 1179, 1260, 1269, 1270, 1279
1160, 1161, 1170, 1171, 1260, 1261, 1270, 1271
1161, 1162, 1171, 1172, 1261, 1262, 1271, 1272
1162, 1163, 1172, 1173, 1262, 1263, 1272, 1273
1163, 1164, 1173, 1174, 1263, 1264, 1273, 1274
1164, 1165, 1174, 1175, 1264, 1265, 1274, 1275
1165, 1166, 1175, 1176, 1265, 1266, 1275, 1276
1166, 1167, 1176, 1177, 1266, 1267, 1276, 1277
1167, 1168, 1177, 1178, 1267, 1268, 1277, 1278
1168, 1169, 1178, 1179, 1268, 1269, 1278, 1279
1170, 1179, 1180, 1189, 1270, 1279, 1280, 1289
1170, 1171, 1180, 1181, 1270, 1271, 1280, 1281
1171, 1172, 1181, 1182, 1271, 1272, 1281, 1282
1172, 1173, 1182, 1183, 1272, 1273, 1282, 1283
1173, 1174, 1183, 1184, 1273, 1274, 1283, 1284
1174, 1175, 1184, 1185, 1274, 1275, 1284, 1285
1175, 1176, 1185, 1186, 1275, 1276, 1285, 1286
1176, 1177, 1186, 1187, 1276, 1277, 1286, 1287
1177, 1178, 1187, 1188, 1277, 1278, 1287, 1288
1178, 1179, 1188, 1189, 1278, 1279, 1288, 1289
1180, 1189, 1190, 1199, 1280, 1289, 1290, 1299
1180, 1181, 1190, 1191, 1280, 1281, 1290, 1291
1181, 1182, 1191, 1192, 1281, 1282, 1291, 1292
1182, 1183, 1192, 1193, 1282, 1283, 1292, 1293
1183, 1184, 1193, 1194, 1283, 1284, 1293, 1294
1184, 1185, 1194, 1195, 1284, 1285, 1294, 1295
1185, 1186, 1195, 1196, 1285, 1286, 1295, 1296
1186, 1187, 1196, 1197, 1286, 1287, 1296, 1297
1187, 1188, 1197, 1198, 1287, 1288, 1297, 1298
1188, 1189, 1198, 1199, 1288, 1289, 1298, 1299
1200, 1209, 1290, 1299, 1300, 1309, 1390, 1399
1200, 1201, 1290, 1291, 1300, 1301, 1390, 1391
1201, 1202, 1291, 1292, 1301, 1302, 1391, 1392
1202, 1203, 1292, 1293, 1302, 1303, 1392, 1393
1203, 1204, 1293, 1294, 1303, 1304, 1393, 1394
1204, 1205, 1294, 1295, 1304, 1305, 1394, 1395
1205, 1206, 1295, 1296, 1305, 1306, 1395, 1396
1206, 1207, 1296, 1297, 1306, 1307, 1396, 1397
1207, 1208, 1297, 1298, 1307, 1308, 1397, 1398
1208, 1209, 1298, 1299, 1308, 1309, 1398, 1399
1200, 1209, 1210, 1219, 1300, 1309, 1310, 1319
1200, 1201, 1210, 1211, 1300, 1301, 1310, 1311
1201, 1202, 1211, 1212, 1301, 1302, 1311, 1312
1202, 1203, 1212, 1213, 1302, 1303, 1312, 1313
1203, 1204, 1213, 1214, 1303, 1304, 1313, 1314
1204, 1205, 1214, 1215, 1304, 1305, 1314, 1315
1205, 1206, 1215, 1216, 1305, 1306, 1315, 1316
1206, 1207, 1216, 1217, 1306, 1307, 1316, 1317
1207, 1208, 1217, 1218, 1307, 1308, 1317, 1318
1208, 1209, 1218, 1219, 1308, 1309, 1318, 1319
1210, 1219, 1220, 1229, 1310, 1319, 1320, 1329
1210, 1211, 1220, 1221, 1310, 1311, 1320, 1321
1211, 1212, 1221, 1222, 1311, 1312, 1321, 1322
1212, 1213, 1222, 1223, 1312, 1313, 1322, 1323
1213, 1214, 1223, 1224, 1313, 1314, 1323, 1324
1214, 1215, 1224, 1225, 1314, 1315, 1324, 1325
1215, 1216, 1225, 1226, 1315, 1316, 1325, 1326
1216, 1217, 1226, 1227, 1316, 1317, 1326, 1327
1217, 1218, 1227, 1228, 1317, 1318, 1327, 1328
1218, 1219, 1228, 1229, 1318, 1319, 1328, 1329
1220, 1229, 1230, 1239, 1320, 1329, 1330, 1339
1220, 1221, 1230, 1231, 1320, 1321, 1330, 1331
1221, 1222, 1231, 1232, 1321, 1322, 1331, 1332
1222, 1223, 1232, 1233, 1322, 1323, 1332, 1333
1223, 1224, 1233, 1234, 1323, 1324, 1333, 1334
1224, 1225, 1234, 1235, 1324, 1325, 1334, 1335
1225, 1226, 1235, 1236, 1325, 1326, 1335, 1336
1226, 1227, 1236, 1237, 1326, 1327, 1336, 1337
1227, 1228, 1237, 1238, 1327, 1328, 1337, 1338
1228, 1229, 1238, 1239, 1328, 1329, 1338, 1339
1230, 1239, 1240, 1249, 1330, 1339, 1340, 1349
1230, 1231, 1240, 1241, 1330, 1331, 1340, 1341
1231, 1232, 1241, 1242, 1331, 1332, 1341, 1342
1232, 1233, 1242, 1243, 1332, 1333, 1342, 1343
1233, 1234, 1243, 1244, 1333, 1334, 1343, 1344
1234, 1235, 1244, 1245, 1334, 1335, 1344, 1345
1235, 1236, 1245, 1246, 1335, 1336, 1345, 1346
1236, 1237, 1246, 1247, 1336, 1337, 1346, 1347
1237, 1238, 1247, 1248, 1337, 1338, 1347, 1348
1238, 1239, 1248, 1249, 1338, 1339, 1348, 1349
1240, 1249, 1250, 1259, 1340, 1349, 1350, 1359
1240, 1241, 1250, 1251, 1340, 1341, 1350, 1351
1241, 1242, 1251, 1252, 1341, 1342, 1351, 1352
1242, 1243, 1252, 1253, 1342, 1343, 1352, 1353
1243, 1244, 1253, 1254, 1343, 1344, 1353, 1354
1244, 1245, 1254, 1255, 1344, 1345, 1354, 1355
1245, 1246, 1255, 1256, 1345, 1346, 1355, 1356
1246, 1247, 1256, 1257, 1346, 1347, 1356, 1357
1247, 1248, 1257, 1258, 1347, 1348, 1357, 1358
1248, 1249, 1258, 1259, 1348, 1349, 1358, 1359
1250, 1259, 1260, 1269, 1350, 1359, 1360, 1369
1250, 1251, 1260, 1261, 1350, 1351, 1360, 1361
1251, 1252, 1261, 1262, 1351, 1352, 1361, 1362
1252, 1253, 1262, 1263, 1352, 1353, 1362, 1363
1253, 1254, 1263, 1264, 1353, 1354, 1363, 1364
1254, 1255, 1264, 1265, 1354, 1355, 1364, 1365
1255, 1256, 1265, 1266, 1355, 1356, 1365, 1366
1256, 1257, 1266, 1267, 1356, 1357, 1366, 1367
1257, 1258, 1267, 1268, 1357, 1358, 1367, 1368
1258, 1259, 1268, 1269, 1358, 1359, 1368, 1369
1260, 1269, 1270, 1279, 1360, 1369, 1370, 1379
1260, 1261, 1270, 1271, 1360, 1361, 1370, 1371
1261, 1262, 1271, 1272, 1361, 1362, 1371, 1372
1262, 1263, 1272, 1273, 1362, 1363, 1372, 1373
1263, 1264, 1273, 1274, 1363, 1364, 1373, 1374
1264, 1265, 1274, 1275, 1364, 1365, 1374, 1375
1265, 1266, 1275, 1276, 1365, 1366, 1375, 1376
1266, 1267, 1276, 1277, 1366, 1367, 1376, 1377
1267, 1268, 1277, 1278, 1367, 1368, 1377, 1378
1268, 1269, 1278, 1279, 1368, 1369, 1378, 1379
1270, 1279, 1280, 1289, 1370, 1379, 1380, 1389
1270, 1271, 1280, 1281, 1370, 1371, 1380, 1381
1271, 1272, 1281, 1282, 1371, 1372, 1381, 1382
1272, 1273, 1282, 1283, 1372, 1373, 1382, 1383
1273, 1274, 1283, 1284, 1373, 1374, 1383, 1384
1274, 1275, 1284, 1285, 1374, 1375, 1384, 1385
1275, 1276, 1285, 1286, 1375, 1376, 1385, 1386
1276, 1277, 1286, 1287, 1376, 1377, 1386, 1387
1277, 1278, 1287, 1288, 1377, 1378, 1387, 1388
1278, 1279, 1288, 1289, 1378, 1379, 1388, 1389
1280, 1289, 1290, 1299, 1380, 1389, 1390, 1399
1280, 1281, 1290, 1291, 1380, 1381, 1390, 1391
1281, 1282, 1291, 1292, 1381, 1382, 1391, 1392
1282, 1283, 1292, 1293, 1382, 1383, 1392, 1393
1283, 1284, 1293, 1294, 1383, 1384, 1393, 1394
1284, 1285, 1294, 1295, 1384, 1385, 1394, 1395
1285, 1286, 1295, 1296, 1385, 1386, 1395, 1396
1286, 1287, 1296, 1297, 1386, 1387, 1396, 1397
1287, 1288, 1297, 1298, 1387, 1388, 1397, 1398
1288, 1289, 1298, 1299, 1388, 1389, 1398, 1399
1300, 1309, 1390, 1399, 1400, 1409, 1490, 1499
1300, 1301, 1390, 1391, 1400, 1401, 1490, 1491
1301, 1302, 1391, 1392, 1401, 1402, 1491, 1492
1302, 1303, 1392, 1393, 1402, 1403, 1492, 1493
1303, 1304, 1393, 1394, 1403, 1404, 1493, 1494
1304, 1305, 1394, 1395, 1404, 1405, 1494, 1495
1305, 1306, 1395, 1396, 1405, 1406, 1495, 1496
1306, 1307, 1396, 1397, 1406, 1407, 1496, 1497
1307, 1308, 1397, 1398, 1407, 1408, 1497, 1498
1308, 1309, 1398, 1399, 1408, 1409, 1498, 1499
1300, 1309, 1310, 1319, 1400, 1409, 1410, 1419
1300, 1301, 1310, 1311, 1400, 1401, 1410, 1411
1301, 1302, 1311, 1312, 1401, 1402, 1411, 1412
1302, 1303, 1312, 1313, 1402, 1403, 1412, 1413
1303, 1304, 1313, 1314, 1403, 1404, 1413, 1414
1304, 1305, 1314, 1315, 1404, 1405, 1414, 1415
1305, 1306, 1315, 1316, 1405, 1406, 1415, 1416
1306, 1307, 1316, 1317, 1406, 1407, 1416, 1417
1307, 1308, 1317, 1318, 1407, 1408, 1417, 1418
1308, 1309, 1318, 1319, 1408, 1409, 1418, 1419
1310, 1319, 1320, 1329, 1410, 1419, 1420, 1429
1310, 1311, 1320, 1321, 1410, 1411, 1420, 1421
1311, 1312, 1321, 1322, 1411, 1412, 1421, 1422
1312, 1313, 1322, 1323, 1412, 1413, 1422, 1423
1313, 1314, 1323, 1324, 1413, 1414, 1423, 1424
1314, 1315, 1324, 1325, 1414, 1415, 1424, 1425
1315, 1316, 1325, 1326, 1415, 1416, 1425, 1426
1316, 1317, 1326, 1327, 1416, 1417, 1426, 1427
1317, 1318, 1327, 1328, 1417, 1418, 1427, 1428
1318, 1319, 1328, 1329, 1418, 1419, 1428, 1429
1320, 1329, 1330, 1339, 1420, 1429, 1430, 1439
1320, 1321, 1330, 1331, 1420, 1421, 1430, 1431
1321, 1322, 1331, 1332, 1421, 1422, 1431, 1432
1322, 1323, 1332, 1333, 1422, 1423, 1432, 1433
1323, 1324, 1333, 1334, 1423, 1424, 1433, 1434
1324, 1325, 1334, 1335, 1424, 1425, 1434, 1435
1325, 1326, 1335, 1336, 1425, 1426, 1435, 1436
1326, 1327, 1336, 1337, 1426, 1427, 1436, 1437
1327, 1328, 1337, 1338, 1427, 1428, 1437, 1438
1328, 1329, 1338, 1339, 1428, 1429, 1438, 1439
1330, 1339, 1340, 1349, 1430, 1439, 1440, 1449
1330, 1331, 1340, 1341, 1430, 1431, 1440, 1441
1331, 1332, 1341, 1342, 1431, 1432, 1441, 1442
1332, 1333, 1342, 1343, 1432, 1433, 1442, 1443
1333, 1334, 1343, 1344, 1433, 1434, 1443, 1444
1334, 1335, 1344, 1345, 1434, 1435, 1444, 1445
1335, 1336, 1345, 1346, 1435, 1436, 1445, 1446
1336, 1337, 1346, 1347, 1436, 1437, 1446, 1447
1337, 1338, 1347, 1348, 1437, 1438, 1447, 1448
1338, 1339, 1348, 1349, 1438, 1439, 1448, 1449
1340, 1349, 1350, 1359, 1440, 1449, 1450, 1459
1340, 1341, 1350, 1351, 1440, 1441, 1450, 1451
1341, 1342, 1351, 1352, 1441, 1442, 1451, 1452
1342, 1343, 1352, 1353, 1442, 1443, 1452, 1453
1343, 1344, 1353, 1354, 1443, 1444, 1453, 1454
1344, 1345, 1354, 1355, 1444, 1445, 1454, 1455
1345, 1346, 1355, 1356, 1445, 1446, 1455, 1456
1346, 1347, 1356, 1357, 1446, 1447, 1456, 1457
1347, 1348, 1357, 1358, 1447, 1448, 1457, 1458
1348, 1349, 1358, 1359, 1448, 1449, 1458, 1459
1350, 1359, 1360, 1369, 1450, 1459, 1460, 1469
1350, 1351, 1360, 1361, 1450, 1451, 1460, 1461
1351, 1352, 1361, 1362, 1451, 1452, 1461, 1462
1352, 1353, 1362, 1363, 1452, 1453, 1462, 1463
1353, 1354, 1363, 1364, 1453, 1454, 1463, 1464
1354, 1355, 1364, 1365, 1454, 1455, 1464, 1465
1355, 1356, 1365, 1366, 1455, 1456, 1465, 1466
1356, 1357, 1366, 1367, 1456, 1457, 1466, 1467
1357, 1358, 1367, 1368, 1457, 1458, 1467, 1468
1358, 1359, 1368, 1369, 1458, 1459, 1468, 1469
1360, 1369, 1370, 1379, 1460, 1469, 1470, 1479
1360, 1361, 1370, 1371, 1460, 1461, 1470, 1471
1361, 1362, 1371, 1372, 1461, 1462, 1471, 1472
1362, 1363, 1372, 1373, 1462, 1463, 1472, 1473
1363, 1364, 1373, 1374, 1463, 1464, 1473, 1474
1364, 1365, 1374, 1375, 1464, 1465, 1474, 1475
1365, 1366, 1375, 1376, 1465, 1466, 1475, 1476
1366, 1367, 1376, 1377, 1466, 1467, 1476, 1477
1367, 1368, 1377, 1378, 1467, 1468, 1477, 1478
1368, 1369, 1378, 1379, 1468, 1469, 1478, 1479
1370, 1379, 1380, 1389, 1470, 1479, 1480, 1489
1370, 1371, 1380, 1381, 1470, 1471, 1480, 1481
1371, 1372, 1381, 1382, 1471, 1472, 1481, 1482
1372, 1373, 1382, 1383, 1472, 1473, 1482, 1483
1373, 1374, 1383, 1384, 1473, 1474, 1483, 1484
1374, 1375, 1384, 1385, 1474, 1475, 1484, 1485
1375, 1376, 1385, 1386, 1475, 1476, 1485, 1486
1376, 1377, 1386, 1387, 1476, 1477, 1486, 1487
1377, 1378, 1387, 1388, 1477, 1478, 1487, 1488
1378, 1379, 1388, 1389, 1478, 1479, 1488, 1489
1380, 1389, 1390, 1399, 1480, 1489, 1490, 1499
1380, 1381, 1390, 1391, 1480, 1481, 1490, 1491
1381, 1382, 1391, 1392, 1481, 1482, 1491, 1492
1382, 1383, 1392, 1393, 1482, 1483, 1492, 1493
1383, 1384, 1393, 1394, 1483, 1484, 1493, 1494
1384, 1385, 1394, 1395, 1484, 1485, 1494, 1495
1385, 1386, 1395, 1396, 1485, 1486, 1495, 1496
1386, 1387, 1396, 1397, 1486, 1487, 1496, 1497
1387, 1388, 1397, 1398, 1487, 1488, 1497, 1498
1388, 1389, 1398, 1399, 1488, 1489, 1498, 1499
1400, 1409, 1490, 1499, 1500, 1509, 1590, 1599
1400, 1401, 1490, 1491, 1500, 1501, 1590, 1591
1401, 1402, 1491, 1492, 1501, 1502, 1591, 1592
1402, 1403, 1492, 1493, 1502, 1503, 1592, 1593
1403, 1404, 1493, 1494, 1503, 1504, 1593, 1594
1404, 1405, 1494, 1495, 1504, 1505, 1594, 1595
1405, 1406, 1495, 1496, 1505, 1506, 1595, 1596
1406, 1407, 1496, 1497, 1506, 1507, 1596, 1597
1407, 1408, 1497, 1498, 1507, 1508, 1597, 1598
1408, 1409, 1498, 1499, 1508, 1509, 1598, 1599
1400, 1409, 1410, 1419, 1500, 1509, 1510, 1519
1400, 1401, 1410, 1411, 1500, 1501, 1510, 1511
1401, 1402, 1411, 1412, 1501, 1502, 1511, 1512
1402, 1403, 1412, 1413, 1502, 1503, 1512, 1513
1403, 1404, 1413, 1414, 1503, 1504, 1513, 1514
1404, 1405, 1414, 1415, 1504, 1505, 1514, 1515
1405, 1406, 1415, 1416, 1505, 1506, 1515, 1516
1406, 1407, 1416, 1417, 1506, 1507, 1516, 1517
1407, 1408, 1417, 1418, 1507, 1508, 1517, 1518
1408, 1409, 1418, 1419, 1508, 1509, 1518, 1519
1410, 1419, 1420, 1429, 1510, 1519, 1520, 1529
1410, 1411, 1420, 1421, 1510, 1511, 1520, 1521
1411, 1412, 1421, 1422, 1511, 1512, 1521, 1522
1412, 1413, 1422, 1423, 1512, 1513, 1522, 1523
1413, 1414, 1423, 1424, 1513, 1514, 1523, 1524
1414, 1415, 1424, 1425, 1514, 1515, 1524, 1525
1415, 1416, 1425, 1426, 1515, 1516, 1525, 1526
1416, 1417, 1426, 1427, 1516, 1517, 1526, 1527
1417, 1418, 1427, 1428, 1517, 1518, 1527, 1528
1418, 1419, 1428, 1429, 1518, 1519, 1528, 1529
1420, 1429, 1430, 1439, 1520, 1529, 1530, 1539
1420, 1421, 1430, 1431, 1520, 1521, 1530, 1531
1421, 1422, 1431, 1432, 1521, 1522, 1531, 1532
1422, 1423, 1432, 1433, 1522, 1523, 1532, 1533
1423, 1424, 1433, 1434, 1523, 1524, 1533, 1534
1424, 1425, 1434, 1435, 1524, 1525, 1534, 1535
1425, 1426, 1435, 1436, 1525, 1526, 1535, 1536
1426, 1427, 1436, 1437, 1526, 1527, 1536, 1537
1427, 1428, 1437, 1438, 1527, 1528, 1537, 1538
1428, 1429, 1438, 1439, 1528, 1529, 1538, 1539
1430, 1439, 1440, 1449, 1530, 1539, 1540, 1549
1430, 1431, 1440, 1441, 1530, 1531, 1540, 1541
1431, 1432, 1441, 1442, 1531, 1532, 1541, 1542
1432, 1433, 1442, 1443, 1532, 1533, 1542, 1543
1433, 1434, 1443, 1444, 1533, 1534, 1543, 1544
1434, 1435, 1444, 1445, 1534, 1535, 1544, 1545
1435, 1436, 1445, 1446, 1535, 1536, 1545, 1546
1436, 1437, 1446, 1447, 1536, 1537, 1546, 1547
1437, 1438, 1447, 1448, 1537, 1538, 1547, 1548
1438, 1439, 1448, 1449, 1538, 1539, 1548, 1549
1440, 1449, 1450, 1459, 1540, 1549, 1550, 1559
1440, 1441, 1450, 1451, 1540, 1541, 1550, 1551
1441, 1442, 1451, 1452, 1541, 1542, 1551, 1552
1442, 1443, 1452, 1453, 1542, 1543, 1552, 1553
1443, 1444, 1453, 1454, 1543, 1544, 1553, 1554
1444, 1445, 1454, 1455, 1544, 1545, 1554, 1555
1445, 1446, 1455, 1456, 1545, 1546, 1555, 1556
1446, 1447, 1456, 1457, 1546, 1547, 1556, 1557
1447, 1448, 1457, 1458, 1547, 1548, 1557, 1558
1448, 1449, 1458, 1459, 1548, 1549, 1558, 1559
1450, 1459, 1460, 1469, 1550, 1559, 1560, 1569
1450, 1451, 1460, 1461, 1550, 1551, 1560, 1561
1451, 1452, 1461, 1462, 1551, 1552, 1561, 1562
1452, 1453, 1462, 1463, 1552, 1553, 1562, 1563
1453, 1454, 1463, 1464, 1553, 1554, 1563, 1564
1454, 1455, 1464, 1465, 1554, 1555, 1564, 1565
1455, 1456, 1465, 1466, 1555, 1556, 1565, 1566
1456, 1457, 1466, 1467, 1556, 1557, 1566, 1567
1457, 1458, 1467, 1468, 1557, 1558, 1567, 1568
1458, 1459, 1468, 1469, 1558, 1559, 1568, 1569
1460, 1469, 1470, 1479, 1560, 1569, 1570, 1579
1460, 1461, 1470, 1471, 1560, 1561, 1570, 1571
1461, 1462, 1471, 1472, 1561, 1562, 1571, 1572
1462, 1463, 1472, 1473, 1562, 1563, 1572, 1573
1463, 1464, 1473, 1474, 1563, 1564, 1573, 1574
1464, 1465, 1474, 1475, 1564, 1565, 1574, 1575
1465, 1466, 1475, 1476, 1565, 1566, 1575, 1576
1466, 1467, 1476, 1477, 1566, 1567, 1576, 1577
1467, 1468, 1477, 1478, 1567, 1568, 1577, 1578
1468, 1469, 1478, 1479, 1568, 1569, 1578, 1579
1470, 1479, 1480, 1489, 1570, 1579, 1580, 1589
1470, 1471, 1480, 1481, 1570, 1571, 1580, 1581
1471, 1472, 1481, 1482, 1571, 1572, 1581, 1582
1472, 1473, 1482, 1483, 1572, 1573, 1582, 1583
1473, 1474, 1483, 1484, 1573, 1574, 1583, 1584
1474, 1475, 1484, 1485, 1574, 1575, 1584, 1585
1475, 1476, 1485, 1486, 1575, 1576, 1585, 1586
1476, 1477, 1486, 1487, 1576, 1577, 1586, 1587
1477, 1478, 1487, 1488, 1577, 1578, 1587, 1588
1478, 1479, 1488, 1489, 1578, 1579, 1588, 1589
1480, 1489, 1490, 1499, 1580, 1589, 1590, 1599
1480, 1481, 1490, 1491, 1580, 1581, 1590, 1591
1481, 1482, 1491, 1492, 1581, 1582, 1591, 1592
1482, 1483, 1492, 1493, 1582, 1583, 1592, 1593
1483, 1484, 1493, 1494, 1583, 1584, 1593, 1594
1484, 1485, 1494, 1495, 1584, 1585, 1594, 1595
1485, 1486, 1495, 1496, 1585, 1586, 1595, 1596
1486, 1487, 1496, 1497, 1586, 1587, 1596, 1597
1487, 1488, 1497, 1498, 1587, 1588, 1597, 1598
1488, 1489, 1498, 1499, 1588, 1589, 1598, 1599
1500, 1509, 1590, 1599, 1600, 1609, 1690, 1699
1500, 1501, 1590, 1591, 1600, 1601, 1690, 1691
1501, 1502, 1591, 1592, 1601, 1602, 1691, 1692
1502, 1503, 1592, 1593, 1602, 1603, 1692, 1693
1503, 1504, 1593, 1594, 1603, 1604, 1693, 1694
1504, 1505, 1594, 1595, 1604, 1605, 1694, 1695
1505, 1506, 1595, 1596, 1605, 1606, 1695, 1696
1506, 1507, 1596, 1597, 1606, 1607, 1696, 1697
1507, 1508, 1597, 1598, 1607, 1608, 1697, 1698
1508, 1509, 1598, 1599, 1608, 1609, 1698, 1699
1500, 1509, 1510, 1519, 1600, 1609, 1610, 1619
1500, 1501, 1510, 1511, 1600, 1601, 1610, 1611
1501, 1502, 1511, 1512, 1601, 1602, 1611, 1612
1502, 1503, 1512, 1513, 1602, 1603, 1612, 1613
1503, 1504, 1513, 1514, 1603, 1604, 1613, 1614
1504, 1505, 1514, 1515, 1604, 1605, 1614, 1615
1505, 1506, 1515, 1516, 1605, 1606, 1615, 1616
1506, 1507, 1516, 1517, 1606, 1607, 1616, 1617
1507, 1508, 1517, 1518, 1607, 1608, 1617, 1618
1508, 1509, 1518, 1519, 1608, 1609, 1618, 1619
1510, 1519, 1520, 1529, 1610, 1619, 1620, 1629
1510, 1511, 1520, 1521, 1610, 1611, 1620, 1621
1511, 1512, 1521, 1522, 1611, 1612, 1621, 1622
1512, 1513, 1522, 1523, 1612, 1613, 1622, 1623
1513, 1514, 1523, 1524, 1613, 1614, 1623, 1624
1514, 1515, 1524, 1525, 1614, 1615, 1624, 1625
1515, 1516, 1525, 1526, 1615, 1616, 1625, 1626
1516, 1517, 1526, 1527, 1616, 1617, 1626, 1627
1517, 1518, 1527, 1528, 1617, 1618, 1627, 1628
1518, 1519, 1528, 1529, 1618, 1619, 1628, 1629
1520, 1529, 1530, 1539, 1620, 1629, 1630, 1639
1520, 1521, 1530, 1531, 1620, 1621, 1630, 1631
1521, 1522, 1531, 1532, 1621, 1622, 1631, 1632
1522, 1523, 1532, 1533, 1622, 1623, 1632, 1633
1523, 1524, 1533, 1534, 1623, 1624, 1633, 1634
1524, 1525, 1534, 1535, 1624, 1625, 1634, 1635
1525, 1526, 1535, 1536, 1625, 1626, 1635, 1636
1526, 1527, 1536, 1537, 1626, 1627, 1636, 1637
1527, 1528, 1537, 1538, 1627, 1628, 1637, 1638
1528, 1529, 1538, 1539, 1628, 1629, 1638, 1639
1530, 1539, 1540, 1549, 1630, 1639, 1640, 1649
1530, 1531, 1540, 1541, 1630, 1631, 1640, 1641
1531, 1532, 1541, 1542, 1631, 1632, 1641, 1642
1532, 1533, 1542, 1543, 1632, 1633, 1642, 1643
1533, 1534, 1543, 1544, 1633, 1634, 1643, 1644
1534, 1535, 1544, 1545, 1634, 1635, 1644, 1645
1535, 1536, 1545, 1546, 1635, 1636, 1645, 1646
1536, 1537, 1546, 1547, 1636, 1637, 1646, 1647
1537, 1538, 1547, 1548, 1637, 1638, 1647, 1648
1538, 1539, 1548, 1549, 1638, 1639, 1648, 1649
1540, 1549, 1550, 1559, 1640, 1649, 1650, 1659
1540, 1541, 1550, 1551, 1640, 1641, 1650, 1651
1541, 1542, 1551, 1552, 1641, 1642, 1651, 1652
1542, 1543, 1552, 1553, 1642, 1643, 1652, 1653
1543, 1544, 1553, 1554, 1643, 1644, 1653, 1654
1544, 1545, 1554, 1555, 1644, 1645, 1654, 1655
1545, 1546, 1555, 1556, 1645, 1646, 1655, 1656
1546, 1547, 1556, 1557, 1646, 1647, 1656, 1657
1547, 1548, 1557, 1558, 1647, 1648, 1657, 1658
1548, 1549, 1558, 1559, 1648, 1649, 1658, 1659
1550, 1559, 1560, 1569, 1650, 1659, 1660, 1669
1550, 1551, 1560, 1561, 1650, 1651, 1660, 1661
1551, 1552, 1561, 1562, 1651, 1652, 1661, 1662
1552, 1553, 1562, 1563, 1652, 1653, 1662, 1663
1553, 1554, 1563, 1564, 1653, 1654, 1663, 1664
1554, 1555, 1564, 1565, 1654, 1655, 1664, 1665
1555, 1556, 1565, 1566, 1655, 1656, 1665, 1666
1556, 1557, 1566, 1567, 1656, 1657, 1666, 1667
1557, 1558, 1567, 1568, 1657, 1658, 1667, 1668
1558, 1559, 1568, 1569, 1658, 1659, 1668, 1669
1560, 1569, 1570, 1579, 1660, 1669, 1670, 1679
1560, 1561, 1570, 1571, 1660, 1661, 1670, 1671
1561, 1562, 1571, 1572, 1661, 1662, 1671, 1672
1562, 1563, 1572, 1573, 1662, 1663, 1672, 1673
1563, 1564, 1573, 1574, 1663, 1664, 1673, 1674
1564, 1565, 1574, 1575, 1664, 1665, 1674, 1675
1565, 1566, 1575, 1576, 1665, 1666, 1675, 1676
1566, 1567, 1576, 1577, 1666, 1667, 1676, 1677
1567, 1568, 1577, 1578, 1667, 1668, 1677, 1678
1568, 1569, 1578, 1579, 1668, 1669, 1678, 1679
1570, 1579, 1580, 1589, 1670, 1679, 1680, 1689
1570, 1571, 1580, 1581, 1670, 1671, 1680, 1681
1571, 1572, 1581, 1582, 1671, 1672, 1681, 1682
1572, 1573, 1582, 1583, 1672, 1673, 1682, 1683
1573, 1574, 1583, 1584, 1673, 1674, 1683, 1684
1574, 1575, 1584, 1585, 1674, 1675, 1684, 1685
1575, 1576, 1585, 1586, 1675, 1676, 1685, 1686
1576, 1577, 1586, 1587, 1676, 1677, 1686, 1687
1577, 1578, 1587, 1588, 1677, 1678, 1687, 1688
1578, 1579, 1588, 1589, 1678, 1679, 1688, 1689
1580, 1589, 1590, 1599, 1680, 1689, 1690, 1699
1580, 1581, 1590, 1591, 1680, 1681, 1690, 1691
1581, 1582, 1591, 1592, 1681, 1682, 1691, 1692
1582, 1583, 1592, 1593, 1682, 1683, 1692, 1693
1583, 1584, 1593, 1594, 1683, 1684, 1693, 1694
1584, 1585, 1594, 1595, 1684, 1685, 1694, 1695
1585, 1586, 1595, 1596, 1685, 1686, 1695, 1696
1586, 1587, 1596, 1597, 1686, 1687, 1696, 1697
1587, 1588, 1597, 1598, 1687, 1688, 1697, 1698
1588, 1589, 1598, 1599, 1688, 1689, 1698, 1699
1600, 1609, 1690, 1699, 1700, 1709, 1790, 1799
1600, 1601, 1690, 1691, 1700, 1701, 1790, 1791
1601, 1602, 1691, 1692, 1701, 1702, 1791, 1792
1602, 1603, 1692, 1693, 1702, 1703, 1792, 1793
1603, 1604, 1693, 1694, 1703, 1704, 1793, 1794
1604, 1605, 1694, 1695, 1704, 1705, 1794, 1795
1605, 1606, 1695, 1696, 1705, 1706, 1795, 1796
1606, 1607, 1696, 1697, 1706, 1707, 1796, 1797
1607, 1608, 1697, 1698, 1707, 1708, 1797, 1798
1608, 1609, 1698, 1699, 1708, 1709, 1798, 1799
1600, 1609, 1610, 1619, 1700, 1709, 1710, 1719
1600, 1601, 1610, 1611, 1700, 1701, 1710, 1711
1601, 1602, 1611, 1612, 1701, 1702, 1711, 1712
1602, 1603, 1612, 1613, 1702, 1703, 1712, 1713
1603, 1604, 1613, 1614, 1703, 1704, 1713, 1714
1604, 1605, 1614, 1615, 1704, 1705, 1714, 1715
1605, 1606, 1615, 1616, 1705, 1706, 1715, 1716
1606, 1607, 1616, 1617, 1706, 1707, 1716, 1717
1607, 1608, 1617, 1618, 1707, 1708, 1717, 1718
1608, 1609, 1618, 1619, 1708, 1709, 1718, 1719
1610, 1619, 1620, 1629, 1710, 1719, 1720, 1729
1610, 1611, 1620, 1621, 1710, 1711, 1720, 1721
1611, 1612, 1621, 1622, 1711, 1712, 1721, 1722
1612, 1613, 1622, 1623, 1712, 1713, 1722, 1723
1613, 1614, 1623, 1624, 1713, 1714, 1723, 1724
1614, 1615, 1624, 1625, 1714, 1715, 1724, 1725
1615, 1616, 1625, 1626, 1715, 1716, 1725, 1726
1616, 1617, 1626, 1627, 1716, 1717, 1726, 1727
1617, 1618, 1627, 1628, 1717, 1718, 1727, 1728
1618, 1619, 1628, 1629, 1718, 1719, 1728, 1729
1620, 1629, 1630, 1639, 1720, 1729, 1730, 1739
1620, 1621, 1630, 1631, 1720, 1721, 1730, 1731
1621, 1622, 1631, 1632, 1721, 1722, 1731, 1732
1622, 1623, 1632, 1633, 1722, 1723, 1732, 1733
1623, 1624, 1633, 1634, 1723, 1724, 1733, 1734
1624, 1625, 1634, 1635, 1724, 1725, 1734, 1735
1625, 1626, 1635, 1636, 1725, 1726, 1735, 1736
1626, 1627, 1636, 1637, 1726, 1727, 1736, 1737
1627, 1628, 1637, 1638, 1727, 1728, 1737, 1738
1628, 1629, 1638, 1639, 1728, 1729, 1738, 1739
1630, 1639, 1640, 1649, 1730, 1739, 1740, 1749
1630, 1631, 1640, 1641, 1730, 1731, 1740, 1741
1631, 1632, 1641, 1642, 1731, 1732, 1741, 1742
1632, 1633, 1642, 1643, 1732, 1733, 1742, 1743
1633, 1634, 1643, 1644, 1733, 1734, 1743, 1744
1634, 1635, 1644, 1645, 1734, 1735, 1744, 1745
1635, 1636, 1645, 1646, 1735, 1736, 1745, 1746
1636, 1637, 1646, 1647, 1736, 1737, 1746, 1747
1637, 1638, 1647, 1648, 1737, 1738, 1747, 1748
1638, 1639, 1648, 1649, 1738, 1739, 1748, 1749
1640, 1649, 1650, 1659, 1740, 1749, 1750, 1759
1640, 1641, 1650, 1651, 1740, 1741, 1750, 1751
1641, 1642, 1651, 1652, 1741, 1742, 1751, 1752
1642, 1643, 1652, 1653, 1742, 1743, 1752, 1753
1643, 1644, 1653, 1654, 1743, 1744, 1753, 1754
1644, 1645, 1654, 1655, 1744, 1745, 1754, 1755
1645, 1646, 1655, 1656, 1745, 1746, 1755, 1756
1646, 1647, 1656, 1657, 1746, 1747, 1756, 1757
1647, 1648, 1657, 1658, 1747, 1748, 1757, 1758
1648, 1649, 1658, 1659, 1748, 1749, 1758, 1759
1650, 1659, 1660, 1669, 1750, 1759, 1760, 1769
1650, 1651, 1660, 1661, 1750, 1751, 1760, 1761
1651, 1652, 1661, 1662, 1751, 1752, 1761, 1762
1652, 1653, 1662, 1663, 1752, 1753, 1762, 1763
1653, 1654, 1663, 1664, 1753, 1754, 1763, 1764
1654, 1655, 1664, 1665, 1754, 1755, 1764, 1765
1655, 1656, 1665, 1666, 1755, 1756, 1765, 1766
1656, 1657, 1666, 1667, 1756, 1757, 1766, 1767
1657, 1658, 1667, 1668, 1757, 1758, 1767, 1768
1658, 1659, 1668, 1669, 1758, 1759, 1768, 1769
1660, 1669, 1670, 1679, 1760, 1769, 1770, 1779
1660, 1661, 1670, 1671, 1760, 1761, 1770, 1771
1661, 1662, 1671, 1672, 1761, 1762, 1771, 1772
1662, 1663, 1672, 1673, 1762, 1763, 1772, 1773
1663, 1664, 1673, 1674, 1763, 1764, 1773, 1774
1664, 1665, 1674, 1675, 1764, 1765, 1774, 1775
1665, 1666, 1675, 1676, 1765, 1766, 1775, 1776
1666, 1667, 1676, 1677, 1766, 1767, 1776, 1777
1667, 1668, 1677, 1678, 1767, 1768, 1777, 1778
1668, 1669, 1678, 1679, 1768, 1769, 1778, 1779
1670, 1679, 1680, 1689, 1770, 1779, 1780, 1789
1670, 1671, 1680, 1681, 1770, 1771, 1780, 1781
1671, 1672, 1681, 1682, 1771, 1772, 1781, 1782
1672, 1673, 1682, 1683, 1772, 1773, 1782, 1783
1673, 1674, 1683, 1684, 1773, 1774, 1783, 1784
1674, 1675, 1684, 1685, 1774, 1775, 1784, 1785
1675, 1676, 1685, 1686, 1775, 1776, 1785, 1786
1676, 1677, 1686, 1687, 1776, 1777, 1786, 1787
1677, 1678, 1687, 1688, 1777, 1778, 1787, 1788
1678, 1679, 1688, 1689, 1778, 1779, 1788, 1789
1680, 1689, 1690, 1699, 1780, 1789, 1790, 1799
1680, 1681, 1690, 1691, 1780, 1781, 1790, 1791
1681, 1682, 1691, 1692, 1781, 1782, 1791, 1792
1682, 1683, 1692, 1693, 1782, 1783, 1792, 1793
1683, 1684, 1693, 1694, 1783, 1784, 1793, 1794
1684, 1685, 1694, 1695, 1784, 1785, 1794, 1795
1685, 1686, 1695, 1696, 1785, 1786, 1795, 1796
1686, 1687, 1696, 1697, 1786, 1787, 1796, 1797
1687, 1688, 1697, 1698, 1787, 1788, 1797, 1798
1688, 1689, 1698, 1699, 1788, 1789, 1798, 1799
1700, 1709, 1790, 1799, 1800, 1809, 1890, 1899
1700, 1701, 1790, 1791, 1800, 1801, 1890, 1891
1701, 1702, 1791, 1792, 1801, 1802, 1891, 1892
1702, 1703, 1792, 1793, 1802, 1803, 1892, 1893
1703, 1704, 1793, 1794, 1803, 1804, 1893, 1894
1704, 1705, 1794, 1795, 1804, 1805, 1894, 1895
1705, 1706, 1795, 1796, 1805, 1806, 1895, 1896
1706, 1707, 1796, 1797, 1806, 1807, 1896, 1897
1707, 1708, 1797, 1798, 1807, 1808, 1897, 1898
1708, 1709, 1798, 1799, 1808, 1809, 1898, 1899
1700, 1709, 1710, 1719, 1800, 1809, 1810, 1819
1700, 1701, 1710, 1711, 1800, 1801, 1810, 1811
1701, 1702, 1711, 1712, 1801, 1802, 1811, 1812
1702, 1703, 1712, 1713, 1802, 1803, 1812, 1813
1703, 1704, 1713, 1714, 1803, 1804, 1813, 1814
1704, 1705, 1714, 1715, 1804, 1805, 1814, 1815
1705, 1706, 1715, 1716, 1805, 1806, 1815, 1816
1706, 1707, 1716, 1717, 1806, 1807, 1816, 1817
1707, 1708, 1717, 1718, 1807, 1808, 1817, 1818
1708, 1709, 1718, 1719, 1808, 1809, 1818, 1819
1710, 1719, 1720, 1729, 1810, 1819, 1820, 1829
1710, 1711, 1720, 1721, 1810, 1811, 1820, 1821
1711, 1712, 1721, 1722, 1811, 1812, 1821, 1822
1712, 1713, 1722, 1723, 1812, 1813, 1822, 1823
1713, 1714, 1723, 1724, 1813, 1814, 1823, 1824
1714, 1715, 1724, 1725, 1814, 1815, 1824, 1825
1715, 1716, 1725, 1726, 1815, 1816, 1825, 1826
1716, 1717, 1726, 1727, 1816, 1817, 1826, 1827
1717, 1718, 1727, 1728, 1817, 1818, 1827, 1828
1718, 1719, 1728, 1729, 1818, 1819, 1828, 1829
1720, 1729, 1730, 1739, 1820, 1829, 1830, 1839
1720, 1721, 1730, 1731, 1820, 1821, 1830, 1831
1721, 1722, 1731, 1732, 1821, 1822, 1831, 1832
1722, 1723, 1732, 1733, 1822, 1823, 1832, 1833
1723, 1724, 1733, 1734, 1823, 1824, 1833, 1834
1724, 1725, 1734, 1735, 1824, 1825, 1834, 1835
1725, 1726, 1735, 1736, 1825, 1826, 1835, 1836
1726, 1727, 1736, 1737, 1826, 1827, 1836, 1837
1727, 1728, 1737, 1738, 1827, 1828, 1837, 1838
1728, 1729, 1738, 1739, 1828, 1829, 1838, 1839
1730, 1739, 1740, 1749, 1830, 1839, 1840, 1849
1730, 1731, 1740, 1741, 1830, 1831, 1840, 1841
1731, 1732, 1741, 1742, 1831, 1832, 1841, 1842
1732, 1733, 1742, 1743, 1832, 1833, 1842, 1843
1733, 1734, 1743, 1744, 1833, 1834, 1843, 1844
1734, 1735, 1744, 1745, 1834, 1835, 1844, 1845
1735, 1736, 1745, 1746, 1835, 1836, 1845, 1846
1736, 1737, 1746, 1747, 1836, 1837, 1846, 1847
1737, 1738, 1747, 1748, 1837, 1838, 1847, 1848
1738, 1739, 1748, 1749, 1838, 1839, 1848, 1849
1740, 1749, 1750, 1759, 1840, 1849, 1850, 1859
1740, 1741, 1750, 1751, 1840, 1841, 1850, 1851
1741, 1742, 1751, 1752, 1841, 1842, 1851, 1852
1742, 1743, 1752, 1753, 1842, 1843, 1852, 1853
1743, 1744, 1753, 1754, 1843, 1844, 1853, 1854
1744, 1745, 1754, 1755, 1844, 1845, 1854, 1855
1745, 1746, 1755, 1756, 1845, 1846, 1855, 1856
1746, 1747, 1756, 1757, 1846, 1847, 1856, 1857
1747, 1748, 1757, 1758, 1847, 1848, 1857, 1858
1748, 1749, 1758, 1759, 1848, 1849, 1858, 1859
1750, 1759, 1760, 1769, 1850, 1859, 1860, 1869
1750, 1751, 1760, 1761, 1850, 1851, 1860, 1861
1751, 1752, 1761, 1762, 1851, 1852, 1861, 1862
1752, 1753, 1762, 1763, 1852, 1853, 1862, 1863
1753, 1754, 1763, 1764, 1853, 1854, 1863, 1864
1754, 1755, 1764, 1765, 1854, 1855, 1864, 1865
1755, 1756, 1765, 1766, 1855, 1856, 1865, 1866
1756, 1757, 1766, 1767, 1856, 1857, 1866, 1867
1757, 1758, 1767, 1768, 1857, 1858, 1867, 1868
1758, 1759, 1768, 1769, 1858, 1859, 1868, 1869
1760, 1769, 1770, 1779, 1860, 1869, 1870, 1879
1760, 1761, 1770, 1771, 1860, 1861, 1870, 1871
1761, 1762, 1771, 1772, 1861, 1862, 1871, 1872
1762, 1763, 1772, 1773, 1862, 1863, 1872, 1873
1763, 1764, 1773, 1774, 1863, 1864, 1873, 1874
1764, 1765, 1774, 1775, 1864, 1865, 1874, 1875
1765, 1766, 1775, 1776, 1865, 1866, 1875, 1876
1766, 1767, 1776, 1777, 1866, 1867, 1876, 1877
1767, 1768, 1777, 1778, 1867, 1868, 1877, 1878
1768, 1769, 1778, 1779, 1868, 1869, 1878, 1879
1770, 1779, 1780, 1789, 1870, 1879, 1880, 1889
1770, 1771, 1780, 1781, 1870, 1871, 1880, 1881
1771, 1772, 1781, 1782, 1871, 1872, 1881, 1882
1772, 1773, 1782, 1783, 1872, 1873, 1882, 1883
1773, 1774, 1783, 1784, 1873, 1874, 1883, 1884
1774, 1775, 1784, 1785, 1874, 1875, 1884, 1885
1775, 1776, 1785, 1786, 1875, 1876, 1885, 1886
1776, 1777, 1786, 1787, 1876, 1877, 1886, 1887
1777, 1778, 1787, 1788, 1877, 1878, 1887, 1888
1778, 1779, 1788, 1789, 1878, 1879, 1888, 1889
1780, 1789, 1790, 1799, 1880, 1889, 1890, 1899
1780, 1781, 1790, 1791, 1880, 1881, 1890, 1891
1781, 1782, 1791, 1792, 1881, 1882, 1891, 1892
1782, 1783, 1792, 1793, 1882, 1883, 1892, 1893
1783, 1784, 1793, 1794, 1883, 1884, 1893, 1894
1784, 1785, 1794, 1795, 1884, 1885, 1894, 1895
1785, 1786, 1795, 1796, 1885, 1886, 1895, 1896
1786, 1787, 1796, 1797, 1886, 1887, 1896, 1897
1787, 1788, 1797, 1798, 1887, 1888, 1897, 1898
1788, 1789, 1798, 1799, 1888, 1889, 1898, 1899
1800, 1809, 1890, 1899, 1900, 1909, 1990, 1999
1800, 1801, 1890, 1891, 1900, 1901, 1990, 1991
1801, 1802, 1891, 1892, 1901, 1902, 1991, 1992
1802, 1803, 1892, 1893, 1902, 1903, 1992, 1993
1803, 1804, 1893, 1894, 1903, 1904, 1993, 1994
1804, 1805, 1894, 1895, 1904, 1905, 1994, 1995
1805, 1806, 1895, 1896, 1905, 1906, 1995, 1996
1806, 1807, 1896, 1897, 1906, 1907, 1996, 1997
1807, 1808, 1897, 1898, 1907, 1908, 1997, 1998
1808, 1809, 1898, 1899, 1908, 1909, 1998, 1999
1800, 1809, 1810, 1819, 1900, 1909, 1910, 1919
1800, 1801, 1810, 1811, 1900, 1901, 1910, 1911
1801, 1802, 1811, 1812, 1901, 1902, 1911, 1912
1802, 1803, 1812, 1813, 1902, 1903, 1912, 1913
1803, 1804, 1813, 1814, 1903, 1904, 1913, 1914
1804, 1805, 1814, 1815, 1904, 1905, 1914, 1915
1805, 1806, 1815, 1816, 1905, 1906, 1915, 1916
1806, 1807, 1816, 1817, 1906, 1907, 1916, 1917
1807, 1808, 1817, 1818, 1907, 1908, 1917, 1918
1808, 1809, 1818, 1819, 1908, 1909, 1918, 1919
1810, 1819, 1820, 1829, 1910, 1919, 1920, 1929
1810, 1811, 1820, 1821, 1910, 1911, 1920, 1921
1811, 1812, 1821, 1822, 1911, 1912, 1921, 1922
1812, 1813, 1822, 1823, 1912, 1913, 1922, 1923
1813, 1814, 1823, 1824, 1913, 1914, 1923, 1924
1814, 1815, 1824, 1825, 1914, 1915, 1924, 1925
1815, 1816, 1825, 1826, 1915, 1916, 1925, 1926
1816, 1817, 1826, 1827, 1916, 1917, 1926, 1927
1817, 1818, 1827, 1828, 1917, 1918, 1927, 1928
1818, 1819, 1828, 1829, 1918, 1919, 1928, 1929
1820, 1829, 1830, 1839, 1920, 1929, 1930, 1939
1820, 1821, 1830, 1831, 1920, 1921, 1930, 1931
1821, 1822, 1831, 1832, 1921, 1922, 1931, 1932
1822, 1823, 1832, 1833, 1922, 1923, 1932, 1933
1823, 1824, 1833, 1834, 1923, 1924, 1933, 1934
1824, 1825, 1834, 1835, 1924, 1925, 1934, 1935
1825, 1826, 1835, 1836, 1925, 1926, 1935, 1936
1826, 1827, 1836, 1837, 1926, 1927, 1936, 1937
1827, 1828, 1837, 1838, 1927, 1928, 1937, 1938
1828, 1829, 1838, 1839, 1928, 1929, 1938, 1939
1830, 1839, 1840, 1849, 1930, 1939, 1940, 1949
1830, 1831, 1840, 1841, 1930, 1931, 1940, 1941
1831, 1832, 1841, 1842, 1931, 1932, 1941, 1942
1832, 1833, 1842, 1843, 1932, 1933, 1942, 1943
1833, 1834, 1843, 1844, 1933, 1934, 1943, 1944
1834, 1835, 1844, 1845, 1934, 1935, 1944, 1945
1835, 1836, 1845, 1846, 1935, 1936, 1945, 1946
1836, 1837, 1846, 1847, 1936, 1937, 1946, 1947
1837, 1838, 1847, 1848, 1937, 1938, 1947, 1948
1838, 1839, 1848, 1849, 1938, 1939, 1948, 1949
1840, 1849, 1850, 1859, 1940, 1949, 1950, 1959
1840, 1841, 1850, 1851, 1940, 1941, 1950, 1951
1841, 1842, 1851, 1852, 1941, 1942, 1951, 1952
1842, 1843, 1852, 1853, 1942, 1943, 1952, 1953
1843, 1844, 1853, 1854, 1943, 1944, 1953, 1954
1844, 1845, 1854, 1855, 1944, 1945, 1954, 1955
1845, 1846, 1855, 1856, 1945, 1946, 1955, 1956
1846, 1847, 1856, 1857, 1946, 1947, 1956, 1957
1847, 1848, 1857, 1858, 1947, 1948, 1957, 1958
1848, 1849, 1858, 1859, 1948, 1949, 1958, 1959
1850, 1859, 1860, 1869, 1950, 1959, 1960, 1969
1850, 1851, 1860, 1861, 1950, 1951, 1960, 1961
1851, 1852, 1861, 1862, 1951, 1952, 1961, 1962
1852, 1853, 1862, 1863, 1952, 1953, 1962, 1963
1853, 1854, 1863, 1864, 1953, 1954, 1963, 1964
1854, 1855, 1864, 1865, 1954, 1955, 1964, 1965
1855, 1856, 1865, 1866, 1955, 1956, 1965, 1966
1856, 1857, 1866, 1867, 1956, 1957, 1966, 1967
1857, 1858, 1867, 1868, 1957, 1958, 1967, 1968
1858, 1859, 1868, 1869, 1958, 1959, 1968, 1969
1860, 1869, 1870, 1879, 1960, 1969, 1970, 1979
1860, 1861, 1870, 1871, 1960, 1961, 1970, 1971
1861, 1862, 1871, 1872, 1961, 1962, 1971, 1972
1862, 1863, 1872, 1873, 1962, 1963, 1972, 1973
1863, 1864, 1873, 1874, 1963, 1964, 1973, 1974
1864, 1865, 1874, 1875, 1964, 1965, 1974, 1975
1865, 1866, 1875, 1876, 1965, 1966, 1975, 1976
1866, 1867, 1876, 1877, 1966, 1967, 1976, 1977
1867, 1868, 1877, 1878, 1967, 1968, 1977, 1978
1868, 1869, 1878, 1879, 1968, 1969, 1978, 1979
1870, 1879, 1880, 1889, 1970, 1979, 1980, 1989
1870, 1871, 1880, 1881, 1970, 1971, 1980, 1981
1871, 1872, 1881, 1882, 1971, 1972, 1981, 1982
1872, 1873, 1882, 1883, 1972, 1973, 1982, 1983
1873, 1874, 1883, 1884, 1973, 1974, 1983, 1984
1874, 1875, 1884, 1885, 1974, 1975, 1984, 1985
1875, 1876, 1885, 1886, 1975, 1976, 1985, 1986
1876, 1877, 1886, 1887, 1976, 1977, 1986, 1987
1877, 1878, 1887, 1888, 1977, 1978, 1987, 1988
1878, 1879, 1888, 1889, 1978, 1979, 1988, 1989
1880, 1889, 1890, 1899, 1980, 1989, 1990, 1999
1880, 1881, 1890, 1891, 1980, 1981, 1990, 1991
1881, 1882, 1891, 1892, 1981, 1982, 1991, 1992
1882, 1883, 1892, 1893, 1982, 1983, 1992, 1993
1883, 1884, 1893, 1894, 1983, 1984, 1993, 1994
1884, 1885, 1894, 1895, 1984, 1985, 1994, 1995
1885, 1886, 1895, 1896, 1985, 1986, 1995, 1996
1886, 1887, 1896, 1897, 1986, 1987, 1996, 1997
1887, 1888, 1897, 1898, 1987, 1988, 1997, 1998
1888, 1889, 1898, 1899, 1988, 1989, 1998, 1999
0, 1, 10, 11, 100, 101, 110, 111
1, 2, 11, 12, 101, 102, 111, 112
2, 3, 12, 13, 102, 103, 112, 113
3, 4, 13, 14, 103, 104, 113, 114
4, 5, 14, 15, 104, 105, 114, 115
5, 6, 15, 16, 105, 106, 115, 116
6, 7, 16, 17, 106, 107, 116, 117
7, 8, 17, 18, 107, 108, 117, 118
8, 9, 18, 19, 108, 109, 118, 119
0, 9, 10, 19, 100, 109, 110, 119
10, 11, 20, 21, 110, 111, 120, 121
11, 12, 21, 22, 111, 112, 121, 122
12, 13, 22, 23, 112, 113, 122, 123
13, 14, 23, 24, 113, 114, 123, 124
14, 15, 24, 25, 114, 115, 124, 125
15, 16, 25, 26, 115, 116, 125, 126
16, 17, 26, 27, 116, 117, 126, 127
17, 18, 27, 28, 117, 118, 127, 128
18, 19, 28, 29, 118, 119, 128, 129
10, 19, 20, 29, 110, 119, 120, 129
20, 21, 30, 31, 120, 121, 130, 131
21, 22, 31, 32, 121, 122, 131, 132
22, 23, 32, 33, 122, 123, 132, 133
23, 24, 33, 34, 123, 124, 133, 134
24, 25, 34, 35, 124, 125, 134, 135
25, 26, 35, 36, 125, 126, 135, 136
26, 27, 36, 37, 126, 127, 136, 137
27, 28, 37, 38, 127, 128, 137, 138
28, 29, 38, 39, 128, 129, 138, 139
20, 29, 30, 39, 120, 129, 130, 139
30, 31, 40, 41, 130, 131, 140, 141
31, 32, 41, 42, 131, 132, 141, 142
32, 33, 42, 43, 132, 133, 142, 143
33, 34, 43, 44, 133, 134, 143, 144
34, 35, 44, 45, 134, 135, 144, 145
35, 36, 45, 46, 135, 136, 145, 146
36, 37, 46, 47, 136, 137, 146, 147
37, 38, 47, 48, 137, 138, 147, 148
38, 39, 48, 49, 138, 139, 148, 149
30, 39, 40, 49, 130, 139, 140, 149
40, 41, 50, 51, 140, 141, 150, 151
41, 42, 51, 52, 141, 142, 151, 152
42, 43, 52, 53, 142, 143, 152, 153
43, 44, 53, 54, 143, 144, 153, 154
44, 45, 54, 55, 144, 145, 154, 155
45, 46, 55, 56, 145, 146, 155, 156
46, 47, 56, 57, 146, 147, 156, 157
47, 48, 57, 58, 147, 148, 157, 158
48, 49, 58, 59, 148, 149, 158, 159
40, 49, 50, 59, 140, 149, 150, 159
50, 51, 60, 61, 150, 151, 160, 161
51, 52, 61, 62, 151, 152, 161, 162
52, 53, 62, 63, 152, 153, 162, 163
53, 54, 63, 64, 153, 154, 163, 164
54, 55, 64, 65, 154, 155, 164, 165
55, 56, 65, 66, 155, 156, 165, 166
56, 57, 66, 67, 156, 157, 166, 167
57, 58, 67, 68, 157, 158, 167, 168
58, 59, 68, 69, 158, 159, 168, 169
50, 59, 60, 69, 150, 159, 160, 169
60, 61, 70, 71, 160, 161, 170, 171
61, 62, 71, 72, 161, 162, 171, 172
62, 63, 72, 73, 162, 163, 172, 173
63, 64, 73, 74, 163, 164, 173, 174
64, 65, 74, 75, 164, 165, 174, 175
65, 66, 75, 76, 165, 166, 175, 176
66, 67, 76, 77, 166, 167, 176, 177
67, 68, 77, 78, 167, 168, 177, 178
68, 69, 78, 79, 168, 169, 178, 179
60, 69, 70, 79, 160, 169, 170, 179
70, 71, 80, 81, 170, 171, 180, 181
71, 72, 81, 82, 171, 172, 181, 182
72, 73, 82, 83, 172, 173, 182, 183
73, 74, 83, 84, 173, 174, 183, 184
74, 75, 84, 85, 174, 175, 184, 185
75, 76, 85, 86, 175, 176, 185, 186
76, 77, 86, 87, 176, 177, 186, 187
77, 78, 87, 88, 177, 178, 187, 188
78, 79, 88, 89, 178, 179, 188, 189
70, 79, 80, 89, 170, 179, 180, 189
80, 81, 90, 91, 180, 181, 190, 191
81, 82, 91, 92, 181, 182, 191, 192
82, 83, 92, 93, 182, 183, 192, 193
83, 84, 93, 94, 183, 184, 193, 194
84, 85, 94, 95, 184, 185, 194, 195
85, 86, 95, 96, 185, 186, 195, 196
86, 87, 96, 97, 186, 187, 196, 197
87, 88, 97, 98, 187, 188, 197, 198
88, 89, 98, 99, 188, 189, 198, 199
80, 89, 90, 99, 180, 189, 190, 199
0, 1, 90, 91, 100, 101, 190, 191
1, 2, 91, 92, 101, 102, 191, 192
2, 3, 92, 93, 102, 103, 192, 193
3, 4, 93, 94, 103, 104, 193, 194
4, 5, 94, 95, 104, 105, 194, 195
5, 6, 95, 96, 105, 106, 195, 196
6, 7, 96, 97, 106, 107, 196, 197
7, 8, 97, 98, 107, 108, 197, 198
8, 9, 98, 99, 108, 109, 198, 199
0, 9, 90, 99, 100, 109, 190, 199
100, 101, 110, 111, 200, 201, 210, 211
101, 102, 111, 112, 201, 202, 211, 212
102, 103, 112, 113, 202, 203, 212, 213
103, 104, 113, 114, 203, 204, 213, 214
104, 105, 114, 115, 204, 205, 214, 215
105, 106, 115, 116, 205, 206, 215, 216
106, 107, 116, 117, 206, 207, 216, 217
107, 108, 117, 118, 207, 208, 217, 218
108, 109, 118, 119, 208, 209, 218, 219
100, 109, 110, 119, 200, 209, 210, 219
110, 111, 120, 121, 210, 211, 220, 221
111, 112, 121, 122, 211, 212, 221, 222
112, 113, 122, 123, 212, 213, 222, 223
113, 114, 123, 124, 213, 214, 223, 224
114, 115, 124, 125, 214, 215, 224, 225
115, 116, 125, 126, 215, 216, 225, 226
116, 117, 126, 127, 216, 217, 226, 227
117, 118, 127, 128, 217, 218, 227, 228
118, 119, 128, 129, 218, 219, 228, 229
110, 119, 120, 129, 210, 219, 220, 229
120, 121, 130, 131, 220, 221, 230, 231
121, 122, 131, 132, 221, 222, 231, 232
122, 123, 132, 133, 222, 223, 232, 233
123, 124, 133, 134, 223, 224, 233, 234
124, 125, 134, 135, 224, 225, 234, 235
125, 126, 135, 136, 225, 226, 235, 236
126, 127, 136, 137, 226, 227, 236, 237
127, 128, 137, 138, 227, 228, 237, 238
128, 129, 138, 139, 228, 229, 238, 239
120, 129, 130, 139, 220, 229, 230, 239
130, 131, 140, 141, 230, 231, 240, 241
131, 132, 141, 142, 231, 232, 241, 242
132, 133, 142, 143, 232, 233, 242, 243
133, 134, 143, 144, 233, 234, 243, 244
134, 135, 144, 145, 234, 235, 244, 245
135, 136, 145, 146, 235, 236, 245, 246
136, 137, 146, 147, 236, 237, 246, 247
137, 138, 147, 148, 237, 238, 247, 248
138, 139, 148, 149, 238, 239, 248, 249
130, 139, 140, 149, 230, 239, 240, 249
140, 141, 150, 151, 240, 241, 250, 251
141, 142, 151, 152, 241, 242, 251, 252
142, 143, 152, 153, 242, 243, 252, 253
143, 144, 153, 154, 243, 244, 253, 254
144, 145, 154, 155, 244, 245, 254, 255
145, 146, 155, 156, 245, 246, 255, 256
146, 147, 156, 157, 246, 247, 256, 257
147, 148, 157, 158, 247, 248, 257, 258
148, 149, 158, 159, 248, 249, 258, 259
140, 149, 150, 159, 240, 249, 250, 259
150, 151, 160, 161, 250, 251, 260, 261
151, 152, 161, 162, 251, 252, 261, 262
152, 153, 162, 163, 252, 253, 262, 263
153, 154, 163, 164, 253, 254, 263, 264
154, 155, 164, 165, 254, 255, 264, 265
155, 156, 165, 166, 255, 256, 265, 266
156, 157, 166, 167, 256, 257, 266, 267
157, 158, 167, 168, 257, 258, 267, 268
158, 159, 168, 169, 258, 259, 268, 269
150, 159, 160, 169, 250, 259, 260, 269
160, 161, 170, 171, 260, 261, 270, 271
161, 162, 171, 172, 261, 262, 271, 272
162, 163, 172, 173, 262, 263, 272, 273
163, 164, 173, 174, 263, 264, 273, 274
164, 165, 174, 175, 264, 265, 274, 275
165, 166, 175, 176, 265, 266, 275, 276
166, 167, 176, 177, 266, 267, 276, 277
167, 168, 177, 178, 267, 268, 277, 278
168, 169, 178, 179, 268, 269, 278, 279
160, 169, 170, 179, 260, 269, 270, 279
170, 171, 180, 181, 270, 271, 280, 281
171, 172, 181, 182, 271, 272, 281, 282
172, 173, 182, 183, 272, 273, 282, 283
173, 174, 183, 184, 273, 274, 283, 284
174, 175, 184, 185, 274, 275, 284, 285
175, 176, 185, 186, 275, 276, 285, 286
176, 177, 186, 187, 276, 277, 286, 287
177, 178, 187, 188, 277, 278, 287, 288
178, 179, 188, 189, 278, 279, 288, 289
170, 179, 180, 189, 270, 279, 280, 289
180, 181, 190, 191, 280, 281, 290, 291
181, 182, 191, 192, 281, 282, 291, 292
182, 183, 192, 193, 282, 283, 292, 293
183, 184, 193, 194, 283, 284, 293, 294
184, 185, 194, 195, 284, 285, 294, 295
185, 186, 195, 196, 285, 286, 295, 296
186, 187, 196, 197, 286, 287, 296, 297
187, 188, 197, 198, 287, 288, 297, 298
188, 189, 198, 199, 288, 289, 298, 299
180, 189, 190, 199, 280, 289, 290, 299
100, 101, 190, 191, 200, 201, 290, 291
101, 102, 191, 192, 201, 202, 291, 292
102, 103, 192, 193, 202, 203, 292, 293
103, 104, 193, 194, 203, 204, 293, 294
104, 105, 194, 195, 204, 205, 294, 295
105, 106, 195, 196, 205, 206, 295, 296
106, 107, 196, 197, 206, 207, 296, 297
107, 108, 197, 198, 207, 208, 297, 298
108, 109, 198, 199, 208, 209, 298, 299
100, 109, 190, 199, 200, 209, 290, 299
200, 201, 210, 211, 300, 301, 310, 311
201, 202, 211, 212, 301, 302, 311, 312
202, 203, 212, 213, 302, 303, 312, 313
203, 204, 213, 214, 303, 304, 313, 314
204, 205, 214, 215, 304, 305, 314, 315
205, 206, 215, 216, 305, 306, 315, 316
206, 207, 216, 217, 306, 307, 316, 317
207, 208, 217, 218, 307, 308, 317, 318
208, 209, 218, 219, 308, 309, 318, 319
200, 209, 210, 219, 300, 309, 310, 319
210, 211, 220, 221, 310, 311, 320, 321
211, 212, 221, 222, 311, 312, 321, 322
212, 213, 222, 223, 312, 313, 322, 323
213, 214, 223, 224, 313, 314, 323, 324
214, 215, 224, 225, 314, 315, 324, 325
215, 216, 225, 226, 315, 316, 325, 326
216, 217, 226, 227, 316, 317, 326, 327
217, 218, 227, 228, 317, 318, 327, 328
218, 219, 228, 229, 318, 319, 328, 329
210, 219, 220, 229, 310, 319, 320, 329
220, 221, 230, 231, 320, 321, 330, 331
221, 222, 231, 232, 321, 322, 331, 332
222, 223, 232, 233, 322, 323, 332, 333
223, 224, 233, 234, 323, 324, 333, 334
224, 225, 234, 235, 324, 325, 334, 335
225, 226, 235, 236, 325, 326, 335, 336
226, 227, 236, 237, 326, 327, 336, 337
227, 228, 237, 238, 327, 328, 337, 338
228, 229, 238, 239, 328, 329, 338, 339
220, 229, 230, 239, 320, 329, 330, 339
230, 231, 240, 241, 330, 331, 340, 341
231, 232, 241, 242, 331, 332, 341, 342
232, 233, 242, 243, 332, 333, 342, 343
233, 234, 243, 244, 333, 334, 343, 344
234, 235, 244, 245, 334, 335, 344, 345
235, 236, 245, 246, 335, 336, 345, 346
236, 237, 246, 247, 336, 337, 346, 347
237, 238, 247, 248, 337, 338, 347, 348
238, 239, 248, 249, 338, 339, 348, 349
230, 239, 240, 249, 330, 339, 340, 349
240, 241, 250, 251, 340, 341, 350, 351
241, 242, 251, 252, 341, 342, 351, 352
242, 243, 252, 253, 342, 343, 352, 353
243, 244, 253, 254, 343, 344, 353, 354
244, 245, 254, 255, 344, 345, 354, 355
245, 246, 255, 256, 345, 346, 355, 356
246, 247, 256, 257, 346, 347, 356, 357
247, 248, 257, 258, 347, 348, 357, 358
248, 249, 258, 259, 348, 349, 358, 359
240, 249, 250, 259, 340, 349, 350, 359
250, 251, 260, 261, 350, 351, 360, 361
251, 252, 261, 262, 351, 352, 361, 362
252, 253, 262, 263, 352, 353, 362, 363
253, 254, 263, 264, 353, 354, 363, 364
254, 255, 264, 265, 354, 355, 364, 365
255, 256, 265, 266, 355, 356, 365, 366
256, 257, 266, 267, 356, 357, 366, 367
257, 258, 267, 268, 357, 358, 367, 368
258, 259, 268, 269, 358, 359, 368, 369
250, 259, 260, 269, 350, 359, 360, 369
260, 261, 270, 271, 360, 361, 370, 371
261, 262, 271, 272, 361, 362, 371, 372
262, 263, 272, 273, 362, 363, 372, 373
263, 264, 273, 274, 363, 364, 373, 374
264, 265, 274, 275, 364, 365, 374, 375
265, 266, 275, 276, 365, 366, 375, 376
266, 267, 276, 277, 366, 367, 376, 377
267, 268, 277, 278, 367, 368, 377, 378
268, 269, 278, 279, 368, 369, 378, 379
260, 269, 270, 279, 360, 369, 370, 379
270, 271, 280, 281, 370, 371, 380, 381
271, 272, 281, 282, 371, 372, 381, 382
272, 273, 282, 283, 372, 373, 382, 383
273, 274, 283, 284, 373, 374, 383, 384
274, 275, 284, 285, 374, 375, 384, 385
275, 276, 285, 286, 375, 376, 385, 386
276, 277, 286, 287, 376, 377, 386, 387
277, 278, 287, 288, 377, 378, 387, 388
278, 279, 288, 289, 378, 379, 388, 389
270, 279, 280, 289, 370, 379, 380, 389
280, 281, 290, 291, 380, 381, 390, 391
281, 282, 291, 292, 381, 382, 391, 392
282, 283, 292, 293, 382, 383, 392, 393
283, 284, 293, 294, 383, 384, 393, 394
284, 285, 294, 295, 384, 385, 394, 395
285, 286, 295, 296, 385, 386, 395, 396
286, 287, 296, 297, 386, 387, 396, 397
287, 288, 297, 298, 387, 388, 397, 398
288, 289, 298, 299, 388, 389, 398, 399
280, 289, 290, 299, 380, 389, 390, 399
200, 201, 290, 291, 300, 301, 390, 391
201, 202, 291, 292, 301, 302, 391, 392
202, 203, 292, 293, 302, 303, 392, 393
203, 204, 293, 294, 303, 304, 393, 394
204, 205, 294, 295, 304, 305, 394, 395
205, 206, 295, 296, 305, 306, 395, 396
206, 207, 296, 297, 306, 307, 396, 397
207, 208, 297, 298, 307, 308, 397, 398
208, 209, 298, 299, 308, 309, 398, 399
200, 209, 290, 299, 300, 309, 390, 399
300, 301, 310, 311, 400, 401, 410, 411
301, 302, 311, 312, 401, 402, 411, 412
302, 303, 312, 313, 402, 403, 412, 413
303, 304, 313, 314, 403, 404, 413, 414
304, 305, 314, 315, 404, 405, 414, 415
305, 306, 315, 316, 405, 406, 415, 416
306, 307, 316, 317, 406, 407, 416, 417
307, 308, 317, 318, 407, 408, 417, 418
308, 309, 318, 319, 408, 409, 418, 419
300, 309, 310, 319, 400, 409, 410, 419
310, 311, 320, 321, 410, 411, 420, 421
311, 312, 321, 322, 411, 412, 421, 422
312, 313, 322, 323, 412, 413, 422, 423
313, 314, 323, 324, 413, 414, 423, 424
314, 315, 324, 325, 414, 415, 424, 425
315, 316, 325, 326, 415, 416, 425, 426
316, 317, 326, 327, 416, 417, 426, 427
317, 318, 327, 328, 417, 418, 427, 428
318, 319, 328, 329, 418, 419, 428, 429
310, 319, 320, 329, 410, 419, 420, 429
320, 321, 330, 331, 420, 421, 430, 431
321, 322, 331, 332, 421, 422, 431, 432
322, 323, 332, 333, 422, 423, 432, 433
323, 324, 333, 334, 423, 424, 433, 434
324, 325, 334, 335, 424, 425, 434, 435
325, 326, 335, 336, 425, 426, 435, 436
326, 327, 336, 337, 426, 427, 436, 437
327, 328, 337, 338, 427, 428, 437, 438
328, 329, 338, 339, 428, 429, 438, 439
320, 329, 330, 339, 420, 429, 430, 439
330, 331, 340, 341, 430, 431, 440, 441
331, 332, 341, 342, 431, 432, 441, 442
332, 333, 342, 343, 432, 433, 442, 443
333, 334, 343, 344, 433, 434, 443, 444
334, 335, 344, 345, 434, 435, 444, 445
335, 336, 345, 346, 435, 436, 445, 446
336, 337, 346, 347, 436, 437, 446, 447
337, 338, 347, 348, 437, 438, 447, 448
338, 339, 348, 349, 438, 439, 448, 449
330, 339, 340, 349, 430, 439, 440, 449
340, 341, 350, 351, 440, 441, 450, 451
341, 342, 351, 352, 441, 442, 451, 452
342, 343, 352, 353, 442, 443, 452, 453
343, 344, 353, 354, 443, 444, 453, 454
344, 345, 354, 355, 444, 445, 454, 455
345, 346, 355, 356, 445, 446, 455, 456
346, 347, 356, 357, 446, 447, 456, 457
347, 348, 357, 358, 447, 448, 457, 458
348, 349, 358, 359, 448, 449, 458, 459
340, 349, 350, 359, 440, 449, 450, 459
350, 351, 360, 361, 450, 451, 460, 461
351, 352, 361, 362, 451, 452, 461, 462
352, 353, 362, 363, 452, 453, 462, 463
353, 354, 363, 364, 453, 454, 463, 464
354, 355, 364, 365, 454, 455, 464, 465
355, 356, 365, 366, 455, 456, 465, 466
356, 357, 366, 367, 456, 457, 466, 467
357, 358, 367, 368, 457, 458, 467, 468
358, 359, 368, 369, 458, 459, 468, 469
350, 359, 360, 369, 450, 459, 460, 469
360, 361, 370, 371, 460, 461, 470, 471
361, 362, 371, 372, 461, 462, 471, 472
362, 363, 372, 373, 462, 463, 472, 473
363, 364, 373, 374, 463, 464, 473, 474
364, 365, 374, 375, 464, 465, 474, 475
365, 366, 375, 376, 465, 466, 475, 476
366, 367, 376, 377, 466, 467, 476, 477
367, 368, 377, 378, 467, 468, 477, 478
368, 369, 378, 379, 468, 469, 478, 479
360, 369, 370, 379, 460, 469, 470, 479
370, 371, 380, 381, 470, 471, 480, 481
371, 372, 381, 382, 471, 472, 481, 482
372, 373, 382, 383, 472, 473, 482, 483
373, 374, 383, 384, 473, 474, 483, 484
374, 375, 384, 385, 474, 475, 484, 485
375, 376, 385, 386, 475, 476, 485, 486
376, 377, 386, 387, 476, 477, 486, 487
377, 378, 387, 388, 477, 478, 487, 488
378, 379, 388, 389, 478, 479, 488, 489
370, 379, 380, 389, 470, 479, 480, 489
380, 381, 390, 391, 480, 481, 490, 491
381, 382, 391, 392, 481, 482, 491, 492
382, 383, 392, 393, 482, 483, 492, 493
383, 384, 393, 394, 483, 484, 493, 494
384, 385, 394, 395, 484, 485, 494, 495
385, 386, 395, 396, 485, 486, 495, 496
386, 387, 396, 397, 486, 487, 496, 497
387, 388, 397, 398, 487, 488, 497, 498
388, 389, 398, 399, 488, 489, 498, 499
380, 389, 390, 399, 480, 489, 490, 499
300, 301, 390, 391, 400, 401, 490, 491
301, 302, 391, 392, 401, 402, 491, 492
302, 303, 392, 393, 402, 403, 492, 493
303, 304, 393, 394, 403, 404, 493, 494
304, 305, 394, 395, 404, 405, 494, 495
305, 306, 395, 396, 405, 406, 495, 496
306, 307, 396, 397, 406, 407, 496, 497
307, 308, 397, 398, 407, 408, 497, 498
308, 309, 398, 399, 408, 409, 498, 499
300, 309, 390, 399, 400, 409, 490, 499
400, 401, 410, 411, 500, 501, 510, 511
401, 402, 411, 412, 501, 502, 511, 512
402, 403, 412, 413, 502, 503, 512, 513
403, 404, 413, 414, 503, 504, 513, 514
404, 405, 414, 415, 504, 505, 514, 515
405, 406, 415, 416, 505, 506, 515, 516
406, 407, 416, 417, 506, 507, 516, 517
407, 408, 417, 418, 507, 508, 517, 518
408, 409, 418, 419, 508, 509, 518, 519
400, 409, 410, 419, 500, 509, 510, 519
410, 411, 420, 421, 510, 511, 520, 521
411, 412, 421, 422, 511, 512, 521, 522
412, 413, 422, 423, 512, 513, 522, 523
413, 414, 423, 424, 513, 514, 523, 524
414, 415, 424, 425, 514, 515, 524, 525
415, 416, 425, 426, 515, 516, 525, 526
416, 417, 426, 427, 516, 517, 526, 527
417, 418, 427, 428, 517, 518, 527, 528
418, 419, 428, 429, 518, 519, 528, 529
410, 419, 420, 429, 510, 519, 520, 529
420, 421, 430, 431, 520, 521, 530, 531
421, 422, 431, 432, 521, 522, 531, 532
422, 423, 432, 433, 522, 523, 532, 533
423, 424, 433, 434, 523, 524, 533, 534
424, 425, 434, 435, 524, 525, 534, 535
425, 426, 435, 436, 525, 526, 535, 536
426, 427, 436, 437, 526, 527, 536, 537
427, 428, 437, 438, 527, 528, 537, 538
428, 429, 438, 439, 528, 529, 538, 539
420, 429, 430, 439, 520, 529, 530, 539
430, 431, 440, 441, 530, 531, 540, 541
431, 432, 441, 442, 531, 532, 541, 542
432, 433, 442, 443, 532, 533, 542, 543
433, 434, 443, 444, 533, 534, 543, 544
434, 435, 444, 445, 534, 535, 544, 545
435, 436, 445, 446, 535, 536, 545, 546
436, 437, 446, 447, 536, 537, 546, 547
437, 438, 447, 448, 537, 538, 547, 548
438, 439, 448, 449, 538, 539, 548, 549
430, 439, 440, 449, 530, 539, 540, 549
440, 441, 450, 451, 540, 541, 550, 551
441, 442, 451, 452, 541, 542, 551, 552
442, 443, 452, 453, 542, 543, 552, 553
443, 444, 453, 454, 543, 544, 553, 554
444, 445, 454, 455, 544, 545, 554, 555
445, 446, 455, 456, 545, 546, 555, 556
446, 447, 456, 457, 546, 547, 556, 557
447, 448, 457, 458, 547, 548, 557, 558
448, 449, 458, 459, 548, 549, 558, 559
440, 449, 450, 459, 540, 549, 550, 559
450, 451, 460, 461, 550, 551, 560, 561
451, 452, 461, 462, 551, 552, 561, 562
452, 453, 462, 463, 552, 553, 562, 563
453, 454, 463, 464, 553, 554, 563, 564
454, 455, 464, 465, 554, 555, 564, 565
455, 456, 465, 466, 555, 556, 565, 566
456, 457, 466, 467, 556, 557, 566, 567
457, 458, 467, 468, 557, 558, 567, 568
458, 459, 468, 469, 558, 559, 568, 569
450, 459, 460, 469, 550, 559, 560, 569
460, 461, 470, 471, 560, 561, 570, 571
461, 462, 471, 472, 561, 562, 571, 572
462, 463, 472, 473, 562, 563, 572, 573
463, 464, 473, 474, 563, 564, 573, 574
464, 465, 474, 475, 564, 565, 574, 575
465, 466, 475, 476, 565, 566, 575, 576
466, 467, 476, 477, 566, 567, 576, 577
467, 468, 477, 478, 567, 568, 577, 578
468, 469, 478, 479, 568, 569, 578, 579
460, 469, 470, 479, 560, 569, 570, 579
470, 471, 480, 481, 570, 571, 580, 581
471, 472, 481, 482, 571, 572, 581, 582
472, 473, 482, 483, 572, 573, 582, 583
473, 474, 483, 484, 573, 574, 583, 584
474, 475, 484, 485, 574, 575, 584, 585
475, 476, 485, 486, 575, 576, 585, 586
476, 477, 486, 487, 576, 577, 586, 587
477, 478, 487, 488, 577, 578, 587, 588
478, 479, 488, 489, 578, 579, 588, 589
470, 479, 480, 489, 570, 579, 580, 589
480, 481, 490, 491, 580, 581, 590, 591
481, 482, 491, 492, 581, 582, 591, 592
482, 483, 492, 493, 582, 583, 592, 593
483, 484, 493, 494, 583, 584, 593, 594
484, 485, 494, 495, 584, 585, 594, 595
485, 486, 495, 496, 585, 586, 595, 596
486, 487, 496, 497, 586, 587, 596, 597
487, 488, 497, 498, 587, 588, 597, 598
488, 489, 498, 499, 588, 589, 598, 599
480, 489, 490, 499, 580, 589, 590, 599
400, 401, 490, 491, 500, 501, 590, 591
401, 402, 491, 492, 501, 502, 591, 592
402, 403, 492, 493, 502, 503, 592, 593
403, 404, 493, 494, 503, 504, 593, 594
404, 405, 494, 495, 504, 505, 594, 595
405, 406, 495, 496, 505, 506, 595, 596
406, 407, 496, 497, 506, 507, 596, 597
407, 408, 497, 498, 507, 508, 597, 598
408, 409, 498, 499, 508, 509, 598, 599
400, 409, 490, 499, 500, 509, 590, 599
500, 501, 510, 511, 600, 601, 610, 611
501, 502, 511, 512, 601, 602, 611, 612
502, 503, 512, 513, 602, 603, 612, 613
503, 504, 513, 514, 603, 604, 613, 614
504, 505, 514, 515, 604, 605, 614, 615
505, 506, 515, 516, 605, 606, 615, 616
506, 507, 516, 517, 606, 607, 616, 617
507, 508, 517, 518, 607, 608, 617, 618
508, 509, 518, 519, 608, 609, 618, 619
500, 509, 510, 519, 600, 609, 610, 619
510, 511, 520, 521, 610, 611, 620, 621
511, 512, 521, 522, 611, 612, 621, 622
512, 513, 522, 523, 612, 613, 622, 623
513, 514, 523, 524, 613, 614, 623, 624
514, 515, 524, 525, 614, 615, 624, 625
515, 516, 525, 526, 615, 616, 625, 626
516, 517, 526, 527, 616, 617, 626, 627
517, 518, 527, 528, 617, 618, 627, 628
518, 519, 528, 529, 618, 619, 628, 629
510, 519, 520, 529, 610, 619, 620, 629
520, 521, 530, 531, 620, 621, 630, 631
521, 522, 531, 532, 621, 622, 631, 632
522, 523, 532, 533, 622, 623, 632, 633
523, 524, 533, 534, 623, 624, 633, 634
524, 525, 534, 535, 624, 625, 634, 635
525, 526, 535, 536, 625, 626, 635, 636
526, 527, 536, 537, 626, 627, 636, 637
527, 528, 537, 538, 627, 628, 637, 638
528, 529, 538, 539, 628, 629, 638, 639
520, 529, 530, 539, 620, 629, 630, 639
530, 531, 540, 541, 630, 631, 640, 641
531, 532, 541, 542, 631, 632, 641, 642
532, 533, 542, 543, 632, 633, 642, 643
533, 534, 543, 544, 633, 634, 643, 644
534, 535, 544, 545, 634, 635, 644, 645
535, 536, 545, 546, 635, 636, 645, 646
536, 537, 546, 547, 636, 637, 646, 647
537, 538, 547, 548, 637, 638, 647, 648
538, 539, 548, 549, 638, 639, 648, 649
530, 539, 540, 549, 630, 639, 640, 649
540, 541, 550, 551, 640, 641, 650, 651
541, 542, 551, 552, 641, 642, 651, 652
542, 543, 552, 553, 642, 643, 652, 653
543, 544, 553, 554, 643, 644, 653, 654
544, 545, 554, 555, 644, 645, 654, 655
545, 546, 555, 556, 645, 646, 655, 656
546, 547, 556, 557, 646, 647, 656, 657
547, 548, 557, 558, 647, 648, 657, 658
548, 549, 558, 559, 648, 649, 658, 659
540, 549, 550, 559, 640, 649, 650, 659
550, 551, 560, 561, 650, 651, 660, 661
551, 552, 561, 562, 651, 652, 661, 662
552, 553, 562, 563, 652, 653, 662, 663
553, 554, 563, 564, 653, 654, 663, 664
554, 555, 564, 565, 654, 655, 664, 665
555, 556, 565, 566, 655, 656, 665, 666
556, 557, 566, 567, 656, 657, 666, 667
557, 558, 567, 568, 657, 658, 667, 668
558, 559, 568, 569, 658, 659, 668, 669
550, 559, 560, 569, 650, 659, 660, 669
560, 561, 570, 571, 660, 661, 670, 671
561, 562, 571, 572, 661, 662, 671, 672
562, 563, 572, 573, 662, 663, 672, 673
563, 564, 573, 574, 663, 664, 673, 674
564, 565, 574, 575, 664, 665, 674, 675
565, 566, 575, 576, 665, 666, 675, 676
566, 567, 576, 577, 666, 667, 676, 677
567, 568, 577, 578, 667, 668, 677, 678
568, 569, 578, 579, 668, 669, 678, 679
560, 569, 570, 579, 660, 669, 670, 679
570, 571, 580, 581, 670, 671, 680, 681
571, 572, 581, 582, 671, 672, 681, 682
572, 573, 582, 583, 672, 673, 682, 683
573, 574, 583, 584, 673, 674, 683, 684
574, 575, 584, 585, 674, 675, 684, 685
575, 576, 585, 586, 675, 676, 685, 686
576, 577, 586, 587, 676, 677, 686, 687
577, 578, 587, 588, 677, 678, 687, 688
578, 579, 588, 589, 678, 679, 688, 689
570, 579, 580, 589, 670, 679, 680, 689
580, 581, 590, 591, 680, 681, 690, 691
581, 582, 591, 592, 681, 682, 691, 692
582, 583, 592, 593, 682, 683, 692, 693
583, 584, 593, 594, 683, 684, 693, 694
584, 585, 594, 595, 684, 685, 694, 695
585, 586, 595, 596, 685, 686, 695, 696
586, 587, 596, 597, 686, 687, 696, 697
587, 588, 597, 598, 687, 688, 697, 698
588, 589, 598, 599, 688, 689, 698, 699
580, 589, 590, 599, 680, 689, 690, 699
500, 501, 590, 591, 600, 601, 690, 691
501, 502, 591, 592, 601, 602, 691, 692
502, 503, 592, 593, 602, 603, 692, 693
503, 504, 593, 594, 603, 604, 693, 694
504, 505, 594, 595, 604, 605, 694, 695
505, 506, 595, 596, 605, 606, 695, 696
506, 507, 596, 597, 606, 607, 696, 697
507, 508, 597, 598, 607, 608, 697, 698
508, 509, 598, 599, 608, 609, 698, 699
500, 509, 590, 599, 600, 609, 690, 699
600, 601, 610, 611, 700, 701, 710, 711
601, 602, 611, 612, 701, 702, 711, 712
602, 603, 612, 613, 702, 703, 712, 713
603, 604, 613, 614, 703, 704, 713, 714
604, 605, 614, 615, 704, 705, 714, 715
605, 606, 615, 616, 705, 706, 715, 716
606, 607, 616, 617, 706, 707, 716, 717
607, 608, 617, 618, 707, 708, 717, 718
608, 609, 618, 619, 708, 709, 718, 719
600, 609, 610, 619, 700, 709, 710, 719
610, 611, 620, 621, 710, 711, 720, 721
611, 612, 621, 622, 711, 712, 721, 722
612, 613, 622, 623, 712, 713, 722, 723
613, 614, 623, 624, 713, 714, 723, 724
614, 615, 624, 625, 714, 715, 724, 725
615, 616, 625, 626, 715, 716, 725, 726
616, 617, 626, 627, 716, 717, 726, 727
617, 618, 627, 628, 717, 718, 727, 728
618, 619, 628, 629, 718, 719, 728, 729
610, 619, 620, 629, 710, 719, 720, 729
620, 621, 630, 631, 720, 721, 730, 731
621, 622, 631, 632, 721, 722, 731, 732
622, 623, 632, 633, 722, 723, 732, 733
623, 624, 633, 634, 723, 724, 733, 734
624, 625, 634, 635, 724, 725, 734, 735
625, 626, 635, 636, 725, 726, 735, 736
626, 627, 636, 637, 726, 727, 736, 737
627, 628, 637, 638, 727, 728, 737, 738
628, 629, 638, 639, 728, 729, 738, 739
620, 629, 630, 639, 720, 729, 730, 739
630, 631, 640, 641, 730, 731, 740, 741
631, 632, 641, 642, 731, 732, 741, 742
632, 633, 642, 643, 732, 733, 742, 743
633, 634, 643, 644, 733, 734, 743, 744
634, 635, 644, 645, 734, 735, 744, 745
635, 636, 645, 646, 735, 736, 745, 746
636, 637, 646, 647, 736, 737, 746, 747
637, 638, 647, 648, 737, 738, 747, 748
638, 639, 648, 649, 738, 739, 748, 749
630, 639, 640, 649, 730, 739, 740, 749
640, 641, 650, 651, 740, 741, 750, 751
641, 642, 651, 652, 741, 742, 751, 752
642, 643, 652, 653, 742, 743, 752, 753
643, 644, 653, 654, 743, 744, 753, 754
644, 645, 654, 655, 744, 745, 754, 755
645, 646, 655, 656, 745, 746, 755, 756
646, 647, 656, 657, 746, 747, 756, 757
647, 648, 657, 658, 747, 748, 757, 758
648, 649, 658, 659, 748, 749, 758, 759
640, 649, 650, 659, 740, 749, 750, 759
650, 651, 660, 661, 750, 751, 760, 761
651, 652, 661, 662, 751, 752, 761, 762
652, 653, 662, 663, 752, 753, 762, 763
653, 654, 663, 664, 753, 754, 763, 764
654, 655, 664, 665, 754, 755, 764, 765
655, 656, 665, 666, 755, 756, 765, 766
656, 657, 666, 667, 756, 757, 766, 767
657, 658, 667, 668, 757, 758, 767, 768
658, 659, 668, 669, 758, 759, 768, 769
650, 659, 660, 669, 750, 759, 760, 769
660, 661, 670, 671, 760, 761, 770, 771
661, 662, 671, 672, 761, 762, 771, 772
662, 663, 672, 673, 762, 763, 772, 773
663, 664, 673, 674, 763, 764, 773, 774
664, 665, 674, 675, 764, 765, 774, 775
665, 666, 675, 676, 765, 766, 775, 776
666, 667, 676, 677, 766, 767, 776, 777
667, 668, 677, 678, 767, 768, 777, 778
668, 669, 678, 679, 768, 769, 778, 779
660, 669, 670, 679, 760, 769, 770, 779
670, 671, 680, 681, 770, 771, 780, 781
671, 672, 681, 682, 771, 772, 781, 782
672, 673, 682, 683, 772, 773, 782, 783
673, 674, 683, 684, 773, 774, 783, 784
674, 675, 684, 685, 774, 775, 784, 785
675, 676, 685, 686, 775, 776, 785, 786
676, 677, 686, 687, 776, 777, 786, 787
677, 678, 687, 688, 777, 778, 787, 788
678, 679, 688, 689, 778, 779, 788, 789
670, 679, 680, 689, 770, 779, 780, 789
680, 681, 690, 691, 780, 781, 790, 791
681, 682, 691, 692, 781, 782, 791, 792
682, 683, 692, 693, 782, 783, 792, 793
683, 684, 693, 694, 783, 784, 793, 794
684, 685, 694, 695, 784, 785, 794, 795
685, 686, 695, 696, 785, 786, 795, 796
686, 687, 696, 697, 786, 787, 796, 797
687, 688, 697, 698, 787, 788, 797, 798
688, 689, 698, 699, 788, 789, 798, 799
680, 689, 690, 699, 780, 789, 790, 799
600, 601, 690, 691, 700, 701, 790, 791
601, 602, 691, 692, 701, 702, 791, 792
602, 603, 692, 693, 702, 703, 792, 793
603, 604, 693, 694, 703, 704, 793, 794
604, 605, 694, 695, 704, 705, 794, 795
605, 606, 695, 696, 705, 706, 795, 796
606, 607, 696, 697, 706, 707, 796, 797
607, 608, 697, 698, 707, 708, 797, 798
608, 609, 698, 699, 708, 709, 798, 799
600, 609, 690, 699, 700, 709, 790, 799
700, 701, 710, 711, 800, 801, 810, 811
701, 702, 711, 712, 801, 802, 811, 812
702, 703, 712, 713, 802, 803, 812, 813
703, 704, 713, 714, 803, 804, 813, 814
704, 705, 714, 715, 804, 805, 814, 815
705, 706, 715, 716, 805, 806, 815, 816
706, 707, 716, 717, 806, 807, 816, 817
707, 708, 717, 718, 807, 808, 817, 818
708, 709, 718, 719, 808, 809, 818, 819
700, 709, 710, 719, 800, 809, 810, 819
710, 711, 720, 721, 810, 811, 820, 821
711, 712, 721, 722, 811, 812, 821, 822
712, 713, 722, 723, 812, 813, 822, 823
713, 714, 723, 724, 813, 814, 823, 824
714, 715, 724, 725, 814, 815, 824, 825
715, 716, 725, 726, 815, 816, 825, 826
716, 717, 726, 727, 816, 817, 826, 827
717, 718, 727, 728, 817, 818, 827, 828
718, 719, 728, 729, 818, 819, 828, 829
710, 719, 720, 729, 810, 819, 820, 829
720, 721, 730, 731, 820, 821, 830, 831
721, 722, 731, 732, 821, 822, 831, 832
722, 723, 732, 733, 822, 823, 832, 833
723, 724, 733, 734, 823, 824, 833, 834
724, 725, 734, 735, 824, 825, 834, 835
725, 726, 735, 736, 825, 826, 835, 836
726, 727, 736, 737, 826, 827, 836, 837
727, 728, 737, 738, 827, 828, 837, 838
728, 729, 738, 739, 828, 829, 838, 839
720, 729, 730, 739, 820, 829, 830, 839
730, 731, 740, 741, 830, 831, 840, 841
731, 732, 741, 742, 831, 832, 841, 842
732, 733, 742, 743, 832, 833, 842, 843
733, 734, 743, 744, 833, 834, 843, 844
734, 735, 744, 745, 834, 835, 844, 845
735, 736, 745, 746, 835, 836, 845, 846
736, 737, 746, 747, 836, 837, 846, 847
737, 738, 747, 748, 837, 838, 847, 848
738, 739, 748, 749, 838, 839, 848, 849
730, 739, 740, 749, 830, 839, 840, 849
740, 741, 750, 751, 840, 841, 850, 851
741, 742, 751, 752, 841, 842, 851, 852
742, 743, 752, 753, 842, 843, 852, 853
743, 744, 753, 754, 843, 844, 853, 854
744, 745, 754, 755, 844, 845, 854, 855
745, 746, 755, 756, 845, 846, 855, 856
746, 747, 756, 757, 846, 847, 856, 857
747, 748, 757, 758, 847, 848, 857, 858
748, 749, 758, 759, 848, 849, 858, 859
740, 749, 750, 759, 840, 849, 850, 859
750, 751, 760, 761, 850, 851, 860, 861
751, 752, 761, 762, 851, 852, 861, 862
752, 753, 762, 763, 852, 853, 862, 863
753, 754, 763, 764, 853, 854, 863, 864
754, 755, 764, 765, 854, 855, 864, 865
755, 756, 765, 766, 855, 856, 865, 866
756, 757, 766, 767, 856, 857, 866, 867
757, 758, 767, 768, 857, 858, 867, 868
758, 759, 768, 769, 858, 859, 868, 869
750, 759, 760, 769, 850, 859, 860, 869
760, 761, 770, 771, 860, 861, 870, 871
761, 762, 771, 772, 861, 862, 871, 872
762, 763, 772, 773, 862, 863, 872, 873
763, 764, 773, 774, 863, 864, 873, 874
764, 765, 774, 775, 864, 865, 874, 875
765, 766, 775, 776, 865, 866, 875, 876
766, 767, 776, 777, 866, 867, 876, 877
767, 768, 777, 778, 867, 868, 877, 878
768, 769, 778, 779, 868, 869, 878, 879
760, 769, 770, 779, 860, 869, 870, 879
770, 771, 780, 781, 870, 871, 880, 881
771, 772, 781, 782, 871, 872, 881, 882
772, 773, 782, 783, 872, 873, 882, 883
773, 774, 783, 784, 873, 874, 883, 884
774, 775, 784, 785, 874, 875, 884, 885
775, 776, 785, 786, 875, 876, 885, 886
776, 777, 786, 787, 876, 877, 886, 887
777, 778, 787, 788, 877, 878, 887, 888
778, 779, 788, 789, 878, 879, 888, 889
770, 779, 780, 789, 870, 879, 880, 889
780, 781, 790, 791, 880, 881, 890, 891
781, 782, 791, 792, 881, 882, 891, 892
782, 783, 792, 793, 882, 883, 892, 893
783, 784, 793, 794, 883, 884, 893, 894
784, 785, 794, 795, 884, 885, 894, 895
785, 786, 795, 796, 885, 886, 895, 896
786, 787, 796, 797, 886, 887, 896, 897
787, 788, 797, 798, 887, 888, 897, 898
788, 789, 798, 799, 888, 889, 898, 899
780, 789, 790, 799, 880, 889, 890, 899
700, 701, 790, 791, 800, 801, 890, 891
701, 702, 791, 792, 801, 802, 891, 892
702, 703, 792, 793, 802, 803, 892, 893
703, 704, 793, 794, 803, 804, 893, 894
704, 705, 794, 795, 804, 805, 894, 895
705, 706, 795, 796, 805, 806, 895, 896
706, 707, 796, 797, 806, 807, 896, 897
707, 708, 797, 798, 807, 808, 897, 898
708, 709, 798, 799, 808, 809, 898, 899
700, 709, 790, 799, 800, 809, 890, 899
800, 801, 810, 811, 900, 901, 910, 911
801, 802, 811, 812, 901, 902, 911, 912
802, 803, 812, 813, 902, 903, 912, 913
803, 804, 813, 814, 903, 904, 913, 914
804, 805, 814, 815, 904, 905, 914, 915
805, 806, 815, 816, 905, 906, 915, 916
806, 807, 816, 817, 906, 907, 916, 917
807, 808, 817, 818, 907, 908, 917, 918
808, 809, 818, 819, 908, 909, 918, 919
800, 809, 810, 819, 900, 909, 910, 919
810, 811, 820, 821, 910, 911, 920, 921
811, 812, 821, 822, 911, 912, 921, 922
812, 813, 822, 823, 912, 913, 922, 923
813, 814, 823, 824, 913, 914, 923, 924
814, 815, 824, 825, 914, 915, 924, 925
815, 816, 825, 826, 915, 916, 925, 926
816, 817, 826, 827, 916, 917, 926, 927
817, 818, 827, 828, 917, 918, 927, 928
818, 819, 828, 829, 918, 919, 928, 929
810, 819, 820, 829, 910, 919, 920, 929
820, 821, 830, 831, 920, 921, 930, 931
821, 822, 831, 832, 921, 922, 931, 932
822, 823, 832, 833, 922, 923, 932, 933
823, 824, 833, 834, 923, 924, 933, 934
824, 825, 834, 835, 924, 925, 934, 935
825, 826, 835, 836, 925, 926, 935, 936
826, 827, 836, 837, 926, 927, 936, 937
827, 828, 837, 838, 927, 928, 937, 938
828, 829, 838, 839, 928, 929, 938, 939
820, 829, 830, 839, 920, 929, 930, 939
830, 831, 840, 841, 930, 931, 940, 941
831, 832, 841, 842, 931, 932, 941, 942
832, 833, 842, 843, 932, 933, 942, 943
833, 834, 843, 844, 933, 934, 943, 944
834, 835, 844, 845, 934, 935, 944, 945
835, 836, 845, 846, 935, 936, 945, 946
836, 837, 846, 847, 936, 937, 946, 947
837, 838, 847, 848, 937, 938, 947, 948
838, 839, 848, 849, 938, 939, 948, 949
830, 839, 840, 849, 930, 939, 940, 949
840, 841, 850, 851, 940, 941, 950, 951
841, 842, 851, 852, 941, 942, 951, 952
842, 843, 852, 853, 942, 943, 952, 953
843, 844, 853, 854, 943, 944, 953, 954
844, 845, 854, 855, 944, 945, 954, 955
845, 846, 855, 856, 945, 946, 955, 956
846, 847, 856, 857, 946, 947, 956, 957
847, 848, 857, 858, 947, 948, 957, 958
848, 849, 858, 859, 948, 949, 958, 959
840, 849, 850, 859, 940, 949, 950, 959
850, 851, 860, 861, 950, 951, 960, 961
851, 852, 861, 862, 951, 952, 961, 962
852, 853, 862, 863, 952, 953, 962, 963
853, 854, 863, 864, 953, 954, 963, 964
854, 855, 864, 865, 954, 955, 964, 965
855, 856, 865, 866, 955, 956, 965, 966
856, 857, 866, 867, 956, 957, 966, 967
857, 858, 867, 868, 957, 958, 967, 968
858, 859, 868, 869, 958, 959, 968, 969
850, 859, 860, 869, 950, 959, 960, 969
860, 861, 870, 871, 960, 961, 970, 971
861, 862, 871, 872, 961, 962, 971, 972
862, 863, 872, 873, 962, 963, 972, 973
863, 864, 873, 874, 963, 964, 973, 974
864, 865, 874, 875, 964, 965, 974, 975
865, 866, 875, 876, 965, 966, 975, 976
866, 867, 876, 877, 966, 967, 976, 977
867, 868, 877, 878, 967, 968, 977, 978
868, 869, 878, 879, 968, 969, 978, 979
860, 869, 870, 879, 960, 969, 970, 979
870, 871, 880, 881, 970, 971, 980, 981
871, 872, 881, 882, 971, 972, 981, 982
872, 873, 882, 883, 972, 973, 982, 983
873, 874, 883, 884, 973, 974, 983, 984
874, 875, 884, 885, 974, 975, 984, 985
875, 876, 885, 886, 975, 976, 985, 986
876, 877, 886, 887, 976, 977, 986, 987
877, 878, 887, 888, 977, 978, 987, 988
878, 879, 888, 889, 978, 979, 988, 989
870, 879, 880, 889, 970, 979, 980, 989
880, 881, 890, 891, 980, 981, 990, 991
881, 882, 891, 892, 981, 982, 991, 992
882, 883, 892, 893, 982, 983, 992, 993
883, 884, 893, 894, 983, 984, 993, 994
884, 885, 894, 895, 984, 985, 994, 995
885, 886, 895, 896, 985, 986, 995, 996
886, 887, 896, 897, 986, 987, 996, 997
887, 888, 897, 898, 987, 988, 997, 998
888, 889, 898, 899, 988, 989, 998, 999
880, 889, 890, 899, 980, 989, 990, 999
800, 801, 890, 891, 900, 901, 990, 991
801, 802, 891, 892, 901, 902, 991, 992
802, 803, 892, 893, 902, 903, 992, 993
803, 804, 893, 894, 903, 904, 993, 994
804, 805, 894, 895, 904, 905, 994, 995
805, 806, 895, 896, 905, 906, 995, 996
806, 807, 896, 897, 906, 907, 996, 997
807, 808, 897, 898, 907, 908, 997, 998
808, 809, 898, 899, 908, 909, 998, 999
800, 809, 890, 899, 900, 909, 990, 999
0, 1, 10, 11, 900, 901, 910, 911
1, 2, 11, 12, 901, 902, 911, 912
2, 3, 12, 13, 902, 903, 912, 913
3, 4, 13, 14, 903, 904, 913, 914
4, 5, 14, 15, 904, 905, 914, 915
5, 6, 15, 16, 905, 906, 915, 916
6, 7, 16, 17, 906, 907, 916, 917
7, 8, 17, 18, 907, 908, 917, 918
8, 9, 18, 19, 908, 909, 918, 919
0, 9, 10, 19, 900, 909, 910, 919
10, 11, 20, 21, 910, 911, 920, 921
11, 12, 21, 22, 911, 912, 921, 922
12, 13, 22, 23, 912, 913, 922, 923
13, 14, 23, 24, 913, 914, 923, 924
14, 15, 24, 25, 914, 915, 924, 925
15, 16, 25, 26, 915, 916, 925, 926
16, 17, 26, 27, 916, 917, 926, 927
17, 18, 27, 28, 917, 918, 927, 928
18, 19, 28, 29, 918, 919, 928, 929
10, 19, 20, 29, 910, 919, 920, 929
20, 21, 30, 31, 920, 921, 930, 931
21, 22, 31, 32, 921, 922, 931, 932
22, 23, 32, 33, 922, 923, 932, 933
23, 24, 33, 34, 923, 924, 933, 934
24, 25, 34, 35, 924, 925, 934, 935
25, 26, 35, 36, 925, 926, 935, 936
26, 27, 36, 37, 926, 927, 936, 937
27, 28, 37, 38, 927, 928, 937, 938
28, 29, 38, 39, 928, 929, 938, 939
20, 29, 30, 39, 920, 929, 930, 939
30, 31, 40, 41, 930, 931, 940, 941
31, 32, 41, 42, 931, 932, 941, 942
32, 33, 42, 43, 932, 933, 942, 943
33, 34, 43, 44, 933, 934, 943, 944
34, 35, 44, 45, 934, 935, 944, 945
35, 36, 45, 46, 935, 936, 945, 946
36, 37, 46, 47, 936, 937, 946, 947
37, 38, 47, 48, 937, 938, 947, 948
38, 39, 48, 49, 938, 939, 948, 949
30, 39, 40, 49, 930, 939, 940, 949
40, 41, 50, 51, 940, 941, 950, 951
41, 42, 51, 52, 941, 942, 951, 952
42, 43, 52, 53, 942, 943, 952, 953
43, 44, 53, 54, 943, 944, 953, 954
44, 45, 54, 55, 944, 945, 954, 955
45, 46, 55, 56, 945, 946, 955, 956
46, 47, 56, 57, 946, 947, 956, 957
47, 48, 57, 58, 947, 948, 957, 958
48, 49, 58, 59, 948, 949, 958, 959
40, 49, 50, 59, 940, 949, 950, 959
50, 51, 60, 61, 950, 951, 960, 961
51, 52, 61, 62, 951, 952, 961, 962
52, 53, 62, 63, 952, 953, 962, 963
53, 54, 63, 64, 953, 954, 963, 964
54, 55, 64, 65, 954, 955, 964, 965
55, 56, 65, 66, 955, 956, 965, 966
56, 57, 66, 67, 956, 957, 966, 967
57, 58, 67, 68, 957, 958, 967, 968
58, 59, 68, 69, 958, 959, 968, 969
50, 59, 60, 69, 950, 959, 960, 969
60, 61, 70, 71, 960, 961, 970, 971
61, 62, 71, 72, 961, 962, 971, 972
62, 63, 72, 73, 962, 963, 972, 973
63, 64, 73, 74, 963, 964, 973, 974
64, 65, 74, 75, 964, 965, 974, 975
65, 66, 75, 76, 965, 966, 975, 976
66, 67, 76, 77, 966, 967, 976, 977
67, 68, 77, 78, 967, 968, 977, 978
68, 69, 78, 79, 968, 969, 978, 979
60, 69, 70, 79, 960, 969, 970, 979
70, 71, 80, 81, 970, 971, 980, 981
71, 72, 81, 82, 971, 972, 981, 982
72, 73, 82, 83, 972, 973, 982, 983
73, 74, 83, 84, 973, 974, 983, 984
74, 75, 84, 85, 974, 975, 984, 985
75, 76, 85, 86, 975, 976, 985, 986
76, 77, 86, 87, 976, 977, 986, 987
77, 78, 87, 88, 977, 978, 987, 988
78, 79, 88, 89, 978, 979, 988, 989
70, 79, 80, 89, 970, 979, 980, 989
80, 81, 90, 91, 980, 981, 990, 991
81, 82, 91, 92, 981, 982, 991, 992
82, 83, 92, 93, 982, 983, 992, 993
83, 84, 93, 94, 983, 984, 993, 994
84, 85, 94, 95, 984, 985, 994, 995
85, 86, 95, 96, 985, 986, 995, 996
86, 87, 96, 97, 986, 987, 996, 997
87, 88, 97, 98, 987, 988, 997, 998
88, 89, 98, 99, 988, 989, 998, 999
80, 89, 90, 99, 980, 989, 990, 999
0, 1, 90, 91, 900, 901, 990, 991
1, 2, 91, 92, 901, 902, 991, 992
2, 3, 92, 93, 902, 903, 992, 993
3, 4, 93, 94, 903, 904, 993, 994
4, 5, 94, 95, 904, 905, 994, 995
5, 6, 95, 96, 905, 906, 995, 996
6, 7, 96, 97, 906, 907, 996, 997
7, 8, 97, 98, 907, 908, 997, 998
8, 9, 98, 99, 908, 909, 998, 999
0, 9, 90, 99, 900, 909, 990, 999
